"filename", "language", "JSON", "CSV", "Markdown", "Python", "PostCSS", "JavaScript JSX", "JavaScript", "HTML", "XML", "C++", "Properties", "reStructuredText", "Makefile", "CMake", "C", "Shell Script", "pip requirements", "MS SQL", "comment", "blank", "total"
"c:\Users\dkreh\Desktop\KDT_RE_5th\0_git\ReadME.md", "Markdown", 0, 0, 20, 0, 0, 0, 0, 0, 0, 0, 0, 0, 0, 0, 0, 0, 0, 0, 0, 9, 29
"c:\Users\dkreh\Desktop\KDT_RE_5th\10_DB\01_sql기초.sql", "MS SQL", 0, 0, 0, 0, 0, 0, 0, 0, 0, 0, 0, 0, 0, 0, 0, 0, 0, 129, 12, 30, 171
"c:\Users\dkreh\Desktop\KDT_RE_5th\10_DB\02_DML.sql", "MS SQL", 0, 0, 0, 0, 0, 0, 0, 0, 0, 0, 0, 0, 0, 0, 0, 0, 0, 130, 28, 52, 210
"c:\Users\dkreh\Desktop\KDT_RE_5th\10_DB\03_JOIN.sql", "MS SQL", 0, 0, 0, 0, 0, 0, 0, 0, 0, 0, 0, 0, 0, 0, 0, 0, 0, 137, 15, 23, 175
"c:\Users\dkreh\Desktop\KDT_RE_5th\10_DB\04_python_conn.sql", "MS SQL", 0, 0, 0, 0, 0, 0, 0, 0, 0, 0, 0, 0, 0, 0, 0, 0, 0, 25, 1, 4, 30
"c:\Users\dkreh\Desktop\KDT_RE_5th\10_DB\DDL\create.sql", "MS SQL", 0, 0, 0, 0, 0, 0, 0, 0, 0, 0, 0, 0, 0, 0, 0, 0, 0, 129, 12, 30, 171
"c:\Users\dkreh\Desktop\KDT_RE_5th\10_DB\app\db.py", "Python", 0, 0, 0, 15, 0, 0, 0, 0, 0, 0, 0, 0, 0, 0, 0, 0, 0, 0, 0, 4, 19
"c:\Users\dkreh\Desktop\KDT_RE_5th\10_DB\app\main.py", "Python", 0, 0, 0, 8, 0, 0, 0, 0, 0, 0, 0, 0, 0, 0, 0, 0, 0, 0, 1, 6, 15
"c:\Users\dkreh\Desktop\KDT_RE_5th\10_DB\app\routers\user.py", "Python", 0, 0, 0, 144, 0, 0, 0, 0, 0, 0, 0, 0, 0, 0, 0, 0, 0, 0, 16, 26, 186
"c:\Users\dkreh\Desktop\KDT_RE_5th\10_DB\app\schemas\user.py", "Python", 0, 0, 0, 20, 0, 0, 0, 0, 0, 0, 0, 0, 0, 0, 0, 0, 0, 0, 0, 5, 25
"c:\Users\dkreh\Desktop\KDT_RE_5th\10_DB\python\crud.py", "Python", 0, 0, 0, 32, 0, 0, 0, 0, 0, 0, 0, 0, 0, 0, 0, 0, 0, 0, 50, 25, 107
"c:\Users\dkreh\Desktop\KDT_RE_5th\10_DB\python\crud_practice.py", "Python", 0, 0, 0, 111, 0, 0, 0, 0, 0, 0, 0, 0, 0, 0, 0, 0, 0, 0, 30, 40, 181
"c:\Users\dkreh\Desktop\KDT_RE_5th\10_DB\python\python)db.py", "Python", 0, 0, 0, 21, 0, 0, 0, 0, 0, 0, 0, 0, 0, 0, 0, 0, 0, 0, 10, 8, 39
"c:\Users\dkreh\Desktop\KDT_RE_5th\1_renewable_energy\ESG_.md", "Markdown", 0, 0, 72, 0, 0, 0, 0, 0, 0, 0, 0, 0, 0, 0, 0, 0, 0, 0, 0, 18, 90
"c:\Users\dkreh\Desktop\KDT_RE_5th\1_renewable_energy\renewable_energy_wind_generator.md", "Markdown", 0, 0, 47, 0, 0, 0, 0, 0, 0, 0, 0, 0, 0, 0, 0, 0, 0, 0, 0, 24, 71
"c:\Users\dkreh\Desktop\KDT_RE_5th\1_renewable_energy\research_CBAM.md", "Markdown", 0, 0, 11, 0, 0, 0, 0, 0, 0, 0, 0, 0, 0, 0, 0, 0, 0, 0, 0, 7, 18
"c:\Users\dkreh\Desktop\KDT_RE_5th\2_Python\DataAnalysis\01_numpy.ipynb", "JSON", 1482, 0, 0, 0, 0, 0, 0, 0, 0, 0, 0, 0, 0, 0, 0, 0, 0, 0, 0, 1, 1483
"c:\Users\dkreh\Desktop\KDT_RE_5th\2_Python\DataAnalysis\02_numpy.ipynb", "JSON", 959, 0, 0, 0, 0, 0, 0, 0, 0, 0, 0, 0, 0, 0, 0, 0, 0, 0, 0, 1, 960
"c:\Users\dkreh\Desktop\KDT_RE_5th\2_Python\DataAnalysis\03_numpy.ipynb", "JSON", 852, 0, 0, 0, 0, 0, 0, 0, 0, 0, 0, 0, 0, 0, 0, 0, 0, 0, 0, 1, 853
"c:\Users\dkreh\Desktop\KDT_RE_5th\2_Python\DataAnalysis\04_pandas.ipynb", "JSON", 3741, 0, 0, 0, 0, 0, 0, 0, 0, 0, 0, 0, 0, 0, 0, 0, 0, 0, 0, 1, 3742
"c:\Users\dkreh\Desktop\KDT_RE_5th\2_Python\DataAnalysis\05_pandas.ipynb", "JSON", 3850, 0, 0, 0, 0, 0, 0, 0, 0, 0, 0, 0, 0, 0, 0, 0, 0, 0, 0, 1, 3851
"c:\Users\dkreh\Desktop\KDT_RE_5th\2_Python\DataAnalysis\06_pandas.ipynb", "JSON", 1255, 0, 0, 0, 0, 0, 0, 0, 0, 0, 0, 0, 0, 0, 0, 0, 0, 0, 0, 1, 1256
"c:\Users\dkreh\Desktop\KDT_RE_5th\2_Python\DataAnalysis\07_matplotlib.ipynb", "JSON", 646, 0, 0, 0, 0, 0, 0, 0, 0, 0, 0, 0, 0, 0, 0, 0, 0, 0, 0, 1, 647
"c:\Users\dkreh\Desktop\KDT_RE_5th\2_Python\DataAnalysis\08_seaborn.ipynb", "JSON", 1358, 0, 0, 0, 0, 0, 0, 0, 0, 0, 0, 0, 0, 0, 0, 0, 0, 0, 0, 1, 1359
"c:\Users\dkreh\Desktop\KDT_RE_5th\2_Python\DataAnalysis\09_folium.ipynb", "JSON", 1132, 0, 0, 0, 0, 0, 0, 0, 0, 0, 0, 0, 0, 0, 0, 0, 0, 0, 0, 1, 1133
"c:\Users\dkreh\Desktop\KDT_RE_5th\2_Python\DataAnalysis\10_beautifulsoup.ipynb", "JSON", 528, 0, 0, 0, 0, 0, 0, 0, 0, 0, 0, 0, 0, 0, 0, 0, 0, 0, 0, 1, 529
"c:\Users\dkreh\Desktop\KDT_RE_5th\2_Python\DataAnalysis\11_selenium.ipynb", "JSON", 180, 0, 0, 0, 0, 0, 0, 0, 0, 0, 0, 0, 0, 0, 0, 0, 0, 0, 0, 1, 181
"c:\Users\dkreh\Desktop\KDT_RE_5th\2_Python\DataAnalysis\dataset1\seoul_cafes_data.csv", "CSV", 0, 51, 0, 0, 0, 0, 0, 0, 0, 0, 0, 0, 0, 0, 0, 0, 0, 0, 0, 1, 52
"c:\Users\dkreh\Desktop\KDT_RE_5th\2_Python\DataAnalysis\dataset1\seoul_cafes_map.html", "HTML", 0, 0, 0, 0, 0, 0, 0, 639, 0, 0, 0, 0, 0, 0, 0, 0, 0, 0, 0, 624, 1263
"c:\Users\dkreh\Desktop\KDT_RE_5th\2_Python\DataAnalysis\dataset1\seoul_shops_data.csv", "CSV", 0, 51, 0, 0, 0, 0, 0, 0, 0, 0, 0, 0, 0, 0, 0, 0, 0, 0, 0, 1, 52
"c:\Users\dkreh\Desktop\KDT_RE_5th\2_Python\DataAnalysis\dataset1\seoul_shops_map.html", "HTML", 0, 0, 0, 0, 0, 0, 0, 639, 0, 0, 0, 0, 0, 0, 0, 0, 0, 0, 0, 624, 1263
"c:\Users\dkreh\Desktop\KDT_RE_5th\2_Python\DataAnalysis\dataset1\test.html", "HTML", 0, 0, 0, 0, 0, 0, 0, 23, 0, 0, 0, 0, 0, 0, 0, 0, 0, 0, 0, 0, 23
"c:\Users\dkreh\Desktop\KDT_RE_5th\2_Python\DataAnalysis\dataset\new_book_dataset.csv", "CSV", 0, 831, 0, 0, 0, 0, 0, 0, 0, 0, 0, 0, 0, 0, 0, 0, 0, 0, 0, 1, 832
"c:\Users\dkreh\Desktop\KDT_RE_5th\2_Python\DataAnalysis\dataset\practice_book_dataset.csv", "CSV", 0, 831, 0, 0, 0, 0, 0, 0, 0, 0, 0, 0, 0, 0, 0, 0, 0, 0, 0, 1, 832
"c:\Users\dkreh\Desktop\KDT_RE_5th\2_Python\DataAnalysis\dataset\practice_json.json", "JSON", 37, 0, 0, 0, 0, 0, 0, 0, 0, 0, 0, 0, 0, 0, 0, 0, 0, 0, 0, 0, 37
"c:\Users\dkreh\Desktop\KDT_RE_5th\2_Python\DataAnalysis\dataset\택시승차대 현황.csv", "CSV", 0, 12, 0, 0, 0, 0, 0, 0, 0, 0, 0, 0, 0, 0, 0, 0, 0, 0, 0, 1, 13
"c:\Users\dkreh\Desktop\KDT_RE_5th\2_Python\coding_test.py", "Python", 0, 0, 0, 147, 0, 0, 0, 0, 0, 0, 0, 0, 0, 0, 0, 0, 0, 0, 60, 52, 259
"c:\Users\dkreh\Desktop\KDT_RE_5th\2_Python\my_package\calc.py", "Python", 0, 0, 0, 2, 0, 0, 0, 0, 0, 0, 0, 0, 0, 0, 0, 0, 0, 0, 0, 1, 3
"c:\Users\dkreh\Desktop\KDT_RE_5th\2_Python\practice.ipynb", "JSON", 2652, 0, 0, 0, 0, 0, 0, 0, 0, 0, 0, 0, 0, 0, 0, 0, 0, 0, 0, 1, 2653
"c:\Users\dkreh\Desktop\KDT_RE_5th\2_Python\python\00_practice.py", "Python", 0, 0, 0, 247, 0, 0, 0, 0, 0, 0, 0, 0, 0, 0, 0, 0, 0, 0, 208, 129, 584
"c:\Users\dkreh\Desktop\KDT_RE_5th\2_Python\python\01_variable.py", "Python", 0, 0, 0, 28, 0, 0, 0, 0, 0, 0, 0, 0, 0, 0, 0, 0, 0, 0, 19, 13, 60
"c:\Users\dkreh\Desktop\KDT_RE_5th\2_Python\python\02_data_type.py", "Python", 0, 0, 0, 52, 0, 0, 0, 0, 0, 0, 0, 0, 0, 0, 0, 0, 0, 0, 35, 22, 109
"c:\Users\dkreh\Desktop\KDT_RE_5th\2_Python\python\03_opperator.py", "Python", 0, 0, 0, 40, 0, 0, 0, 0, 0, 0, 0, 0, 0, 0, 0, 0, 0, 0, 26, 22, 88
"c:\Users\dkreh\Desktop\KDT_RE_5th\2_Python\python\04_input.py", "Python", 0, 0, 0, 0, 0, 0, 0, 0, 0, 0, 0, 0, 0, 0, 0, 0, 0, 0, 47, 17, 64
"c:\Users\dkreh\Desktop\KDT_RE_5th\2_Python\python\05_list.py", "Python", 0, 0, 0, 90, 0, 0, 0, 0, 0, 0, 0, 0, 0, 0, 0, 0, 0, 0, 101, 45, 236
"c:\Users\dkreh\Desktop\KDT_RE_5th\2_Python\python\06_tuple.py", "Python", 0, 0, 0, 46, 0, 0, 0, 0, 0, 0, 0, 0, 0, 0, 0, 0, 0, 0, 26, 16, 88
"c:\Users\dkreh\Desktop\KDT_RE_5th\2_Python\python\07_set.py", "Python", 0, 0, 0, 98, 0, 0, 0, 0, 0, 0, 0, 0, 0, 0, 0, 0, 0, 0, 31, 35, 164
"c:\Users\dkreh\Desktop\KDT_RE_5th\2_Python\python\08_dictionary.py", "Python", 0, 0, 0, 84, 0, 0, 0, 0, 0, 0, 0, 0, 0, 0, 0, 0, 0, 0, 28, 33, 145
"c:\Users\dkreh\Desktop\KDT_RE_5th\2_Python\python\09_if.py", "Python", 0, 0, 0, 53, 0, 0, 0, 0, 0, 0, 0, 0, 0, 0, 0, 0, 0, 0, 115, 29, 197
"c:\Users\dkreh\Desktop\KDT_RE_5th\2_Python\python\10_for.py", "Python", 0, 0, 0, 187, 0, 0, 0, 0, 0, 0, 0, 0, 0, 0, 0, 0, 0, 0, 232, 78, 497
"c:\Users\dkreh\Desktop\KDT_RE_5th\2_Python\python\11_while.py", "Python", 0, 0, 0, 93, 0, 0, 0, 0, 0, 0, 0, 0, 0, 0, 0, 0, 0, 0, 247, 98, 438
"c:\Users\dkreh\Desktop\KDT_RE_5th\2_Python\python\12_function.py", "Python", 0, 0, 0, 242, 0, 0, 0, 0, 0, 0, 0, 0, 0, 0, 0, 0, 0, 0, 151, 131, 524
"c:\Users\dkreh\Desktop\KDT_RE_5th\2_Python\python\13_class.py", "Python", 0, 0, 0, 323, 0, 0, 0, 0, 0, 0, 0, 0, 0, 0, 0, 0, 0, 0, 80, 129, 532
"c:\Users\dkreh\Desktop\KDT_RE_5th\2_Python\python\14_module.py", "Python", 0, 0, 0, 137, 0, 0, 0, 0, 0, 0, 0, 0, 0, 0, 0, 0, 0, 0, 301, 148, 586
"c:\Users\dkreh\Desktop\KDT_RE_5th\2_Python\python\15_file.py", "Python", 0, 0, 0, 176, 0, 0, 0, 0, 0, 0, 0, 0, 0, 0, 0, 0, 0, 0, 73, 84, 333
"c:\Users\dkreh\Desktop\KDT_RE_5th\2_Python\python\16_try_except.py", "Python", 0, 0, 0, 54, 0, 0, 0, 0, 0, 0, 0, 0, 0, 0, 0, 0, 0, 0, 102, 33, 189
"c:\Users\dkreh\Desktop\KDT_RE_5th\2_Python\python_study\01\first.py", "Python", 0, 0, 0, 1, 0, 0, 0, 0, 0, 0, 0, 0, 0, 0, 0, 0, 0, 0, 0, 1, 2
"c:\Users\dkreh\Desktop\KDT_RE_5th\2_Python\python_study\06\comparison_operator.py", "Python", 0, 0, 0, 6, 0, 0, 0, 0, 0, 0, 0, 0, 0, 0, 0, 0, 0, 0, 0, 1, 7
"c:\Users\dkreh\Desktop\KDT_RE_5th\2_Python\python_study\06\logical_operator.py", "Python", 0, 0, 0, 2, 0, 0, 0, 0, 0, 0, 0, 0, 0, 0, 0, 0, 0, 0, 0, 1, 3
"c:\Users\dkreh\Desktop\KDT_RE_5th\2_Python\python_study\07\if.py", "Python", 0, 0, 0, 4, 0, 0, 0, 0, 0, 0, 0, 0, 0, 0, 0, 0, 0, 0, 0, 2, 6
"c:\Users\dkreh\Desktop\KDT_RE_5th\2_Python\python_study\07\if_prob.py", "Python", 0, 0, 0, 5, 0, 0, 0, 0, 0, 0, 0, 0, 0, 0, 0, 0, 0, 0, 0, 3, 8
"c:\Users\dkreh\Desktop\KDT_RE_5th\2_Python\python_study\08\list_calc.py", "Python", 0, 0, 0, 6, 0, 0, 0, 0, 0, 0, 0, 0, 0, 0, 0, 0, 0, 0, 0, 1, 7
"c:\Users\dkreh\Desktop\KDT_RE_5th\2_Python\python_study\08\list_indexing.py", "Python", 0, 0, 0, 6, 0, 0, 0, 0, 0, 0, 0, 0, 0, 0, 0, 0, 0, 0, 0, 1, 7
"c:\Users\dkreh\Desktop\KDT_RE_5th\2_Python\python_study\08\list_slicing.py", "Python", 0, 0, 0, 3, 0, 0, 0, 0, 0, 0, 0, 0, 0, 0, 0, 0, 0, 0, 0, 1, 4
"c:\Users\dkreh\Desktop\KDT_RE_5th\2_Python\python_study\09\list_count.py", "Python", 0, 0, 0, 6, 0, 0, 0, 0, 0, 0, 0, 0, 0, 0, 0, 0, 0, 0, 0, 2, 8
"c:\Users\dkreh\Desktop\KDT_RE_5th\2_Python\python_study\09\list_func.py", "Python", 0, 0, 0, 5, 0, 0, 0, 0, 0, 0, 0, 0, 0, 0, 0, 0, 0, 0, 9, 2, 16
"c:\Users\dkreh\Desktop\KDT_RE_5th\2_Python\python_study\09\list_index.py", "Python", 0, 0, 0, 5, 0, 0, 0, 0, 0, 0, 0, 0, 0, 0, 0, 0, 0, 0, 0, 3, 8
"c:\Users\dkreh\Desktop\KDT_RE_5th\2_Python\python_study\09\list_minus.py", "Python", 0, 0, 0, 25, 0, 0, 0, 0, 0, 0, 0, 0, 0, 0, 0, 0, 0, 0, 2, 7, 34
"c:\Users\dkreh\Desktop\KDT_RE_5th\2_Python\python_study\09\list_plus.py", "Python", 0, 0, 0, 12, 0, 0, 0, 0, 0, 0, 0, 0, 0, 0, 0, 0, 0, 0, 0, 4, 16
"c:\Users\dkreh\Desktop\KDT_RE_5th\2_Python\python_study\10\for.py", "Python", 0, 0, 0, 12, 0, 0, 0, 0, 0, 0, 0, 0, 0, 0, 0, 0, 0, 0, 0, 6, 18
"c:\Users\dkreh\Desktop\KDT_RE_5th\2_Python\python_study\10\for_prob.py", "Python", 0, 0, 0, 6, 0, 0, 0, 0, 0, 0, 0, 0, 0, 0, 0, 0, 0, 0, 23, 5, 34
"c:\Users\dkreh\Desktop\KDT_RE_5th\2_Python\python_study\10\for_range.py", "Python", 0, 0, 0, 44, 0, 0, 0, 0, 0, 0, 0, 0, 0, 0, 0, 0, 0, 0, 0, 15, 59
"c:\Users\dkreh\Desktop\KDT_RE_5th\2_Python\python_study\10\nested_for.py", "Python", 0, 0, 0, 4, 0, 0, 0, 0, 0, 0, 0, 0, 0, 0, 0, 0, 0, 0, 6, 2, 12
"c:\Users\dkreh\Desktop\KDT_RE_5th\2_Python\python_study\11\while_break.py", "Python", 0, 0, 0, 14, 0, 0, 0, 0, 0, 0, 0, 0, 0, 0, 0, 0, 0, 0, 0, 3, 17
"c:\Users\dkreh\Desktop\KDT_RE_5th\2_Python\python_study\11\while_break1.py", "Python", 0, 0, 0, 6, 0, 0, 0, 0, 0, 0, 0, 0, 0, 0, 0, 0, 0, 0, 0, 1, 7
"c:\Users\dkreh\Desktop\KDT_RE_5th\2_Python\python_study\11\while_continue.py", "Python", 0, 0, 0, 9, 0, 0, 0, 0, 0, 0, 0, 0, 0, 0, 0, 0, 0, 0, 0, 1, 10
"c:\Users\dkreh\Desktop\KDT_RE_5th\2_Python\python_study\12\function.py", "Python", 0, 0, 0, 27, 0, 0, 0, 0, 0, 0, 0, 0, 0, 0, 0, 0, 0, 0, 0, 6, 33
"c:\Users\dkreh\Desktop\KDT_RE_5th\2_Python\python_study\12\function_return.py", "Python", 0, 0, 0, 36, 0, 0, 0, 0, 0, 0, 0, 0, 0, 0, 0, 0, 0, 0, 0, 12, 48
"c:\Users\dkreh\Desktop\KDT_RE_5th\2_Python\sample_folder\calc.py", "Python", 0, 0, 0, 12, 0, 0, 0, 0, 0, 0, 0, 0, 0, 0, 0, 0, 0, 0, 1, 5, 18
"c:\Users\dkreh\Desktop\KDT_RE_5th\2_Python\sample_folder\hello.py", "Python", 0, 0, 0, 4, 0, 0, 0, 0, 0, 0, 0, 0, 0, 0, 0, 0, 0, 0, 1, 1, 6
"c:\Users\dkreh\Desktop\KDT_RE_5th\2_Python\text_game.py", "Python", 0, 0, 0, 232, 0, 0, 0, 0, 0, 0, 0, 0, 0, 0, 0, 0, 0, 0, 1, 31, 264
"c:\Users\dkreh\Desktop\KDT_RE_5th\3_Data_Analysis_Project\01_DataAnalysis\ReadMe.md", "Markdown", 0, 0, 380, 0, 0, 0, 0, 0, 0, 0, 0, 0, 0, 0, 0, 0, 0, 0, 0, 121, 501
"c:\Users\dkreh\Desktop\KDT_RE_5th\3_Data_Analysis_Project\01_DataAnalysis\_artifacts\00_energy.ipynb", "JSON", 431, 0, 0, 0, 0, 0, 0, 0, 0, 0, 0, 0, 0, 0, 0, 0, 0, 0, 0, 1, 432
"c:\Users\dkreh\Desktop\KDT_RE_5th\3_Data_Analysis_Project\01_DataAnalysis\_artifacts\analysis_energy(R).ipynb", "JSON", 3692, 0, 0, 0, 0, 0, 0, 0, 0, 0, 0, 0, 0, 0, 0, 0, 0, 0, 0, 1, 3693
"c:\Users\dkreh\Desktop\KDT_RE_5th\3_Data_Analysis_Project\01_DataAnalysis\_artifacts\data_visu.ipynb", "JSON", 820, 0, 0, 0, 0, 0, 0, 0, 0, 0, 0, 0, 0, 0, 0, 0, 0, 0, 0, 1, 821
"c:\Users\dkreh\Desktop\KDT_RE_5th\3_Data_Analysis_Project\01_DataAnalysis\_artifacts\energy_analysis(remake).ipynb", "JSON", 990, 0, 0, 0, 0, 0, 0, 0, 0, 0, 0, 0, 0, 0, 0, 0, 0, 0, 0, 1, 991
"c:\Users\dkreh\Desktop\KDT_RE_5th\3_Data_Analysis_Project\01_DataAnalysis\_artifacts\long_format_DF(sample).ipynb", "JSON", 2611, 0, 0, 0, 0, 0, 0, 0, 0, 0, 0, 0, 0, 0, 0, 0, 0, 0, 0, 1, 2612
"c:\Users\dkreh\Desktop\KDT_RE_5th\3_Data_Analysis_Project\01_DataAnalysis\_artifacts\long_merge.py", "Python", 0, 0, 0, 25, 0, 0, 0, 0, 0, 0, 0, 0, 0, 0, 0, 0, 0, 0, 17, 15, 57
"c:\Users\dkreh\Desktop\KDT_RE_5th\3_Data_Analysis_Project\01_DataAnalysis\_artifacts\preprocess_outputs\energy_pr(sample).ipynb", "JSON", 395, 0, 0, 0, 0, 0, 0, 0, 0, 0, 0, 0, 0, 0, 0, 0, 0, 0, 0, 1, 396
"c:\Users\dkreh\Desktop\KDT_RE_5th\3_Data_Analysis_Project\01_DataAnalysis\_artifacts\preprocess_outputs\preprocessing.py", "Python", 0, 0, 0, 18, 0, 0, 0, 0, 0, 0, 0, 0, 0, 0, 0, 0, 0, 0, 4, 10, 32
"c:\Users\dkreh\Desktop\KDT_RE_5th\3_Data_Analysis_Project\01_DataAnalysis\_artifacts\schema.md", "Markdown", 0, 0, 8, 0, 0, 0, 0, 0, 0, 0, 0, 0, 0, 0, 0, 0, 0, 0, 0, 3, 11
"c:\Users\dkreh\Desktop\KDT_RE_5th\3_Data_Analysis_Project\01_DataAnalysis\data\policy\강원도_행정구역 현황 통계_20200803.csv", "CSV", 0, 541, 0, 0, 0, 0, 0, 0, 0, 0, 0, 0, 0, 0, 0, 0, 0, 0, 0, 1, 542
"c:\Users\dkreh\Desktop\KDT_RE_5th\3_Data_Analysis_Project\01_DataAnalysis\data\policy\한국언론진흥재단_뉴스빅데이터_메타데이터_뉴딜정책_20210731.csv", "CSV", 0, 88, 0, 0, 0, 0, 0, 0, 0, 0, 0, 0, 0, 0, 0, 0, 0, 0, 0, 1, 89
"c:\Users\dkreh\Desktop\KDT_RE_5th\3_Data_Analysis_Project\01_DataAnalysis\data\policy\한국전력거래소_지역별 에너지저장장치(ESS) 일단위 충전 및 방전 실적_20240930.csv", "CSV", 0, 8297, 0, 0, 0, 0, 0, 0, 0, 0, 0, 0, 0, 0, 0, 0, 0, 0, 0, 1, 8298
"c:\Users\dkreh\Desktop\KDT_RE_5th\3_Data_Analysis_Project\01_DataAnalysis\data\raw\energy\신·재생_에너지생산량_강원_20251215135106.csv", "CSV", 0, 43, 0, 0, 0, 0, 0, 0, 0, 0, 0, 0, 0, 0, 0, 0, 0, 0, 0, 1, 44
"c:\Users\dkreh\Desktop\KDT_RE_5th\3_Data_Analysis_Project\01_DataAnalysis\data\raw\energy\지역별_신·재생에너지_보급용량_발전누적__20251215134828.csv", "CSV", 0, 67, 0, 0, 0, 0, 0, 0, 0, 0, 0, 0, 0, 0, 0, 0, 0, 0, 0, 1, 68
"c:\Users\dkreh\Desktop\KDT_RE_5th\3_Data_Analysis_Project\01_DataAnalysis\data\raw\energy\지역별_신·재생에너지_보급용량_발전신규__20251215135000.csv", "CSV", 0, 67, 0, 0, 0, 0, 0, 0, 0, 0, 0, 0, 0, 0, 0, 0, 0, 0, 0, 1, 68
"c:\Users\dkreh\Desktop\KDT_RE_5th\3_Data_Analysis_Project\01_DataAnalysis\data\raw\energy\한국에너지공단_기초지자체별 신재생에너지 보급 현황.csv", "CSV", 0, 3655, 0, 0, 0, 0, 0, 0, 0, 0, 0, 0, 0, 0, 0, 0, 0, 0, 0, 1, 3656
"c:\Users\dkreh\Desktop\KDT_RE_5th\3_Data_Analysis_Project\01_DataAnalysis\data\raw\policy\한국에너지공단_재생에너지 사용 확인제도 참여 현황_20241108.csv", "CSV", 0, 61, 0, 0, 0, 0, 0, 0, 0, 0, 0, 0, 0, 0, 0, 0, 0, 0, 0, 1, 62
"c:\Users\dkreh\Desktop\KDT_RE_5th\3_Data_Analysis_Project\01_DataAnalysis\data\raw\weather\강원도(강릉)_월별강수량_(2020-2025).csv", "CSV", 0, 80, 0, 0, 0, 0, 0, 0, 0, 0, 0, 0, 0, 0, 0, 0, 0, 0, 0, 15, 95
"c:\Users\dkreh\Desktop\KDT_RE_5th\3_Data_Analysis_Project\01_DataAnalysis\data\raw\weather\강원도(강릉)_월별기온_(2020-2025).csv", "CSV", 0, 80, 0, 0, 0, 0, 0, 0, 0, 0, 0, 0, 0, 0, 0, 0, 0, 0, 0, 16, 96
"c:\Users\dkreh\Desktop\KDT_RE_5th\3_Data_Analysis_Project\01_DataAnalysis\data\raw\weather\강원도(강릉)_월별풍속_(2020-2025).csv", "CSV", 0, 80, 0, 0, 0, 0, 0, 0, 0, 0, 0, 0, 0, 0, 0, 0, 0, 0, 0, 16, 96
"c:\Users\dkreh\Desktop\KDT_RE_5th\3_Data_Analysis_Project\01_DataAnalysis\data\raw\weather\강원도(강릉)_월일조일사_(2020-2025).csv", "CSV", 0, 80, 0, 0, 0, 0, 0, 0, 0, 0, 0, 0, 0, 0, 0, 0, 0, 0, 0, 16, 96
"c:\Users\dkreh\Desktop\KDT_RE_5th\3_Data_Analysis_Project\01_DataAnalysis\data\raw\weather\강원도(대관령)_월별강수량_(2020-2025).csv", "CSV", 0, 80, 0, 0, 0, 0, 0, 0, 0, 0, 0, 0, 0, 0, 0, 0, 0, 0, 0, 15, 95
"c:\Users\dkreh\Desktop\KDT_RE_5th\3_Data_Analysis_Project\01_DataAnalysis\data\raw\weather\강원도(대관령)_월별기온_(2020-2025).csv", "CSV", 0, 80, 0, 0, 0, 0, 0, 0, 0, 0, 0, 0, 0, 0, 0, 0, 0, 0, 0, 16, 96
"c:\Users\dkreh\Desktop\KDT_RE_5th\3_Data_Analysis_Project\01_DataAnalysis\data\raw\weather\강원도(대관령)_월별풍속_(2020-2025).csv", "CSV", 0, 80, 0, 0, 0, 0, 0, 0, 0, 0, 0, 0, 0, 0, 0, 0, 0, 0, 0, 16, 96
"c:\Users\dkreh\Desktop\KDT_RE_5th\3_Data_Analysis_Project\01_DataAnalysis\data\raw\weather\강원도(대관령)_월일조일사_(2020-2025).csv", "CSV", 0, 80, 0, 0, 0, 0, 0, 0, 0, 0, 0, 0, 0, 0, 0, 0, 0, 0, 0, 16, 96
"c:\Users\dkreh\Desktop\KDT_RE_5th\3_Data_Analysis_Project\01_DataAnalysis\data\raw\weather\강원도(동해)_월별강수량_(2020-2025).csv", "CSV", 0, 80, 0, 0, 0, 0, 0, 0, 0, 0, 0, 0, 0, 0, 0, 0, 0, 0, 0, 15, 95
"c:\Users\dkreh\Desktop\KDT_RE_5th\3_Data_Analysis_Project\01_DataAnalysis\data\raw\weather\강원도(동해)_월별기온_(2020-2025).csv", "CSV", 0, 80, 0, 0, 0, 0, 0, 0, 0, 0, 0, 0, 0, 0, 0, 0, 0, 0, 0, 16, 96
"c:\Users\dkreh\Desktop\KDT_RE_5th\3_Data_Analysis_Project\01_DataAnalysis\data\raw\weather\강원도(동해)_월별풍속_(2020-2025).csv", "CSV", 0, 80, 0, 0, 0, 0, 0, 0, 0, 0, 0, 0, 0, 0, 0, 0, 0, 0, 0, 16, 96
"c:\Users\dkreh\Desktop\KDT_RE_5th\3_Data_Analysis_Project\01_DataAnalysis\data\raw\weather\강원도(동해)_월일조일사_(2020-2025).csv", "CSV", 0, 80, 0, 0, 0, 0, 0, 0, 0, 0, 0, 0, 0, 0, 0, 0, 0, 0, 0, 16, 96
"c:\Users\dkreh\Desktop\KDT_RE_5th\3_Data_Analysis_Project\01_DataAnalysis\data\raw\weather\강원도(북강릉)_월별강수량_(2020-2025).csv", "CSV", 0, 80, 0, 0, 0, 0, 0, 0, 0, 0, 0, 0, 0, 0, 0, 0, 0, 0, 0, 15, 95
"c:\Users\dkreh\Desktop\KDT_RE_5th\3_Data_Analysis_Project\01_DataAnalysis\data\raw\weather\강원도(북강릉)_월별기온_(2020-2025).csv", "CSV", 0, 80, 0, 0, 0, 0, 0, 0, 0, 0, 0, 0, 0, 0, 0, 0, 0, 0, 0, 16, 96
"c:\Users\dkreh\Desktop\KDT_RE_5th\3_Data_Analysis_Project\01_DataAnalysis\data\raw\weather\강원도(북강릉)_월별풍속_(2020-2025).csv", "CSV", 0, 80, 0, 0, 0, 0, 0, 0, 0, 0, 0, 0, 0, 0, 0, 0, 0, 0, 0, 16, 96
"c:\Users\dkreh\Desktop\KDT_RE_5th\3_Data_Analysis_Project\01_DataAnalysis\data\raw\weather\강원도(북강릉)_월일조일사_(2020-2025).csv", "CSV", 0, 80, 0, 0, 0, 0, 0, 0, 0, 0, 0, 0, 0, 0, 0, 0, 0, 0, 0, 16, 96
"c:\Users\dkreh\Desktop\KDT_RE_5th\3_Data_Analysis_Project\01_DataAnalysis\data\raw\weather\강원도(북춘천)_월별강수량_(2020-2025).csv", "CSV", 0, 80, 0, 0, 0, 0, 0, 0, 0, 0, 0, 0, 0, 0, 0, 0, 0, 0, 0, 15, 95
"c:\Users\dkreh\Desktop\KDT_RE_5th\3_Data_Analysis_Project\01_DataAnalysis\data\raw\weather\강원도(북춘천)_월별기온_(2020-2025).csv", "CSV", 0, 80, 0, 0, 0, 0, 0, 0, 0, 0, 0, 0, 0, 0, 0, 0, 0, 0, 0, 16, 96
"c:\Users\dkreh\Desktop\KDT_RE_5th\3_Data_Analysis_Project\01_DataAnalysis\data\raw\weather\강원도(북춘천)_월별풍속_(2020-2025).csv", "CSV", 0, 80, 0, 0, 0, 0, 0, 0, 0, 0, 0, 0, 0, 0, 0, 0, 0, 0, 0, 16, 96
"c:\Users\dkreh\Desktop\KDT_RE_5th\3_Data_Analysis_Project\01_DataAnalysis\data\raw\weather\강원도(북춘천)_월일조일사_(2020-2025).csv", "CSV", 0, 80, 0, 0, 0, 0, 0, 0, 0, 0, 0, 0, 0, 0, 0, 0, 0, 0, 0, 16, 96
"c:\Users\dkreh\Desktop\KDT_RE_5th\3_Data_Analysis_Project\01_DataAnalysis\data\raw\weather\강원도(속초)_월별강수량_(2020-2025).csv", "CSV", 0, 80, 0, 0, 0, 0, 0, 0, 0, 0, 0, 0, 0, 0, 0, 0, 0, 0, 0, 15, 95
"c:\Users\dkreh\Desktop\KDT_RE_5th\3_Data_Analysis_Project\01_DataAnalysis\data\raw\weather\강원도(속초)_월별기온_(2020-2025).csv", "CSV", 0, 80, 0, 0, 0, 0, 0, 0, 0, 0, 0, 0, 0, 0, 0, 0, 0, 0, 0, 16, 96
"c:\Users\dkreh\Desktop\KDT_RE_5th\3_Data_Analysis_Project\01_DataAnalysis\data\raw\weather\강원도(속초)_월별풍속_(2020-2025).csv", "CSV", 0, 80, 0, 0, 0, 0, 0, 0, 0, 0, 0, 0, 0, 0, 0, 0, 0, 0, 0, 16, 96
"c:\Users\dkreh\Desktop\KDT_RE_5th\3_Data_Analysis_Project\01_DataAnalysis\data\raw\weather\강원도(속초)_월일조일사_(2020-2025).csv", "CSV", 0, 80, 0, 0, 0, 0, 0, 0, 0, 0, 0, 0, 0, 0, 0, 0, 0, 0, 0, 16, 96
"c:\Users\dkreh\Desktop\KDT_RE_5th\3_Data_Analysis_Project\01_DataAnalysis\data\raw\weather\강원도(영월)_월별강수량_(2020-2025).csv", "CSV", 0, 80, 0, 0, 0, 0, 0, 0, 0, 0, 0, 0, 0, 0, 0, 0, 0, 0, 0, 15, 95
"c:\Users\dkreh\Desktop\KDT_RE_5th\3_Data_Analysis_Project\01_DataAnalysis\data\raw\weather\강원도(영월)_월별기온_(2020-2025).csv", "CSV", 0, 80, 0, 0, 0, 0, 0, 0, 0, 0, 0, 0, 0, 0, 0, 0, 0, 0, 0, 16, 96
"c:\Users\dkreh\Desktop\KDT_RE_5th\3_Data_Analysis_Project\01_DataAnalysis\data\raw\weather\강원도(영월)_월별풍속_(2020-2025).csv", "CSV", 0, 80, 0, 0, 0, 0, 0, 0, 0, 0, 0, 0, 0, 0, 0, 0, 0, 0, 0, 16, 96
"c:\Users\dkreh\Desktop\KDT_RE_5th\3_Data_Analysis_Project\01_DataAnalysis\data\raw\weather\강원도(영월)_월일조일사_(2020-2025).csv", "CSV", 0, 80, 0, 0, 0, 0, 0, 0, 0, 0, 0, 0, 0, 0, 0, 0, 0, 0, 0, 16, 96
"c:\Users\dkreh\Desktop\KDT_RE_5th\3_Data_Analysis_Project\01_DataAnalysis\data\raw\weather\강원도(원주)_월별강수량_(2020-2025).csv", "CSV", 0, 80, 0, 0, 0, 0, 0, 0, 0, 0, 0, 0, 0, 0, 0, 0, 0, 0, 0, 15, 95
"c:\Users\dkreh\Desktop\KDT_RE_5th\3_Data_Analysis_Project\01_DataAnalysis\data\raw\weather\강원도(원주)_월별기온_(2020-2025).csv", "CSV", 0, 80, 0, 0, 0, 0, 0, 0, 0, 0, 0, 0, 0, 0, 0, 0, 0, 0, 0, 16, 96
"c:\Users\dkreh\Desktop\KDT_RE_5th\3_Data_Analysis_Project\01_DataAnalysis\data\raw\weather\강원도(원주)_월별풍속_(2020-2025).csv", "CSV", 0, 80, 0, 0, 0, 0, 0, 0, 0, 0, 0, 0, 0, 0, 0, 0, 0, 0, 0, 16, 96
"c:\Users\dkreh\Desktop\KDT_RE_5th\3_Data_Analysis_Project\01_DataAnalysis\data\raw\weather\강원도(원주)_월일조일사_(2020-2025).csv", "CSV", 0, 80, 0, 0, 0, 0, 0, 0, 0, 0, 0, 0, 0, 0, 0, 0, 0, 0, 0, 16, 96
"c:\Users\dkreh\Desktop\KDT_RE_5th\3_Data_Analysis_Project\01_DataAnalysis\data\raw\weather\강원도(인제)_월별강수량_(2020-2025).csv", "CSV", 0, 80, 0, 0, 0, 0, 0, 0, 0, 0, 0, 0, 0, 0, 0, 0, 0, 0, 0, 15, 95
"c:\Users\dkreh\Desktop\KDT_RE_5th\3_Data_Analysis_Project\01_DataAnalysis\data\raw\weather\강원도(인제)_월별기온_(2020-2025).csv", "CSV", 0, 80, 0, 0, 0, 0, 0, 0, 0, 0, 0, 0, 0, 0, 0, 0, 0, 0, 0, 16, 96
"c:\Users\dkreh\Desktop\KDT_RE_5th\3_Data_Analysis_Project\01_DataAnalysis\data\raw\weather\강원도(인제)_월별풍속_(2020-2025).csv", "CSV", 0, 80, 0, 0, 0, 0, 0, 0, 0, 0, 0, 0, 0, 0, 0, 0, 0, 0, 0, 16, 96
"c:\Users\dkreh\Desktop\KDT_RE_5th\3_Data_Analysis_Project\01_DataAnalysis\data\raw\weather\강원도(인제)_월일조일사_(2020-2025).csv", "CSV", 0, 80, 0, 0, 0, 0, 0, 0, 0, 0, 0, 0, 0, 0, 0, 0, 0, 0, 0, 16, 96
"c:\Users\dkreh\Desktop\KDT_RE_5th\3_Data_Analysis_Project\01_DataAnalysis\data\raw\weather\강원도(정선군)_월별강수량_(2020-2025).csv", "CSV", 0, 80, 0, 0, 0, 0, 0, 0, 0, 0, 0, 0, 0, 0, 0, 0, 0, 0, 0, 15, 95
"c:\Users\dkreh\Desktop\KDT_RE_5th\3_Data_Analysis_Project\01_DataAnalysis\data\raw\weather\강원도(정선군)_월별기온_(2020-2025).csv", "CSV", 0, 80, 0, 0, 0, 0, 0, 0, 0, 0, 0, 0, 0, 0, 0, 0, 0, 0, 0, 16, 96
"c:\Users\dkreh\Desktop\KDT_RE_5th\3_Data_Analysis_Project\01_DataAnalysis\data\raw\weather\강원도(정선군)_월별풍속_(2020-2025).csv", "CSV", 0, 80, 0, 0, 0, 0, 0, 0, 0, 0, 0, 0, 0, 0, 0, 0, 0, 0, 0, 16, 96
"c:\Users\dkreh\Desktop\KDT_RE_5th\3_Data_Analysis_Project\01_DataAnalysis\data\raw\weather\강원도(정선군)_월일조일사_(2020-2025).csv", "CSV", 0, 80, 0, 0, 0, 0, 0, 0, 0, 0, 0, 0, 0, 0, 0, 0, 0, 0, 0, 16, 96
"c:\Users\dkreh\Desktop\KDT_RE_5th\3_Data_Analysis_Project\01_DataAnalysis\data\raw\weather\강원도(철원)_월별강수량_(2020-2025).csv", "CSV", 0, 80, 0, 0, 0, 0, 0, 0, 0, 0, 0, 0, 0, 0, 0, 0, 0, 0, 0, 15, 95
"c:\Users\dkreh\Desktop\KDT_RE_5th\3_Data_Analysis_Project\01_DataAnalysis\data\raw\weather\강원도(철원)_월별기온_(2020-2025).csv", "CSV", 0, 80, 0, 0, 0, 0, 0, 0, 0, 0, 0, 0, 0, 0, 0, 0, 0, 0, 0, 16, 96
"c:\Users\dkreh\Desktop\KDT_RE_5th\3_Data_Analysis_Project\01_DataAnalysis\data\raw\weather\강원도(철원)_월별풍속_(2020-2025).csv", "CSV", 0, 80, 0, 0, 0, 0, 0, 0, 0, 0, 0, 0, 0, 0, 0, 0, 0, 0, 0, 16, 96
"c:\Users\dkreh\Desktop\KDT_RE_5th\3_Data_Analysis_Project\01_DataAnalysis\data\raw\weather\강원도(철원)_월일조일사_(2020-2025).csv", "CSV", 0, 80, 0, 0, 0, 0, 0, 0, 0, 0, 0, 0, 0, 0, 0, 0, 0, 0, 0, 16, 96
"c:\Users\dkreh\Desktop\KDT_RE_5th\3_Data_Analysis_Project\01_DataAnalysis\data\raw\weather\강원도(춘천)_월별강수량_(2020-2025).csv", "CSV", 0, 80, 0, 0, 0, 0, 0, 0, 0, 0, 0, 0, 0, 0, 0, 0, 0, 0, 0, 15, 95
"c:\Users\dkreh\Desktop\KDT_RE_5th\3_Data_Analysis_Project\01_DataAnalysis\data\raw\weather\강원도(춘천)_월별기온_(2020-2025).csv", "CSV", 0, 80, 0, 0, 0, 0, 0, 0, 0, 0, 0, 0, 0, 0, 0, 0, 0, 0, 0, 16, 96
"c:\Users\dkreh\Desktop\KDT_RE_5th\3_Data_Analysis_Project\01_DataAnalysis\data\raw\weather\강원도(춘천)_월별풍속_(2020-2025).csv", "CSV", 0, 80, 0, 0, 0, 0, 0, 0, 0, 0, 0, 0, 0, 0, 0, 0, 0, 0, 0, 16, 96
"c:\Users\dkreh\Desktop\KDT_RE_5th\3_Data_Analysis_Project\01_DataAnalysis\data\raw\weather\강원도(춘천)_월일조일사_(2020-2025).csv", "CSV", 0, 80, 0, 0, 0, 0, 0, 0, 0, 0, 0, 0, 0, 0, 0, 0, 0, 0, 0, 16, 96
"c:\Users\dkreh\Desktop\KDT_RE_5th\3_Data_Analysis_Project\01_DataAnalysis\data\raw\weather\강원도(태백)_월별강수량_(2020-2025).csv", "CSV", 0, 80, 0, 0, 0, 0, 0, 0, 0, 0, 0, 0, 0, 0, 0, 0, 0, 0, 0, 15, 95
"c:\Users\dkreh\Desktop\KDT_RE_5th\3_Data_Analysis_Project\01_DataAnalysis\data\raw\weather\강원도(태백)_월별기온_(2020-2025).csv", "CSV", 0, 80, 0, 0, 0, 0, 0, 0, 0, 0, 0, 0, 0, 0, 0, 0, 0, 0, 0, 16, 96
"c:\Users\dkreh\Desktop\KDT_RE_5th\3_Data_Analysis_Project\01_DataAnalysis\data\raw\weather\강원도(태백)_월별풍속_(2020-2025).csv", "CSV", 0, 80, 0, 0, 0, 0, 0, 0, 0, 0, 0, 0, 0, 0, 0, 0, 0, 0, 0, 16, 96
"c:\Users\dkreh\Desktop\KDT_RE_5th\3_Data_Analysis_Project\01_DataAnalysis\data\raw\weather\강원도(태백)_월일조일사_(2020-2025).csv", "CSV", 0, 80, 0, 0, 0, 0, 0, 0, 0, 0, 0, 0, 0, 0, 0, 0, 0, 0, 0, 16, 96
"c:\Users\dkreh\Desktop\KDT_RE_5th\3_Data_Analysis_Project\01_DataAnalysis\data\raw\weather\강원도(홍천)_월별강수량_(2020-2025).csv", "CSV", 0, 80, 0, 0, 0, 0, 0, 0, 0, 0, 0, 0, 0, 0, 0, 0, 0, 0, 0, 15, 95
"c:\Users\dkreh\Desktop\KDT_RE_5th\3_Data_Analysis_Project\01_DataAnalysis\data\raw\weather\강원도(홍천)_월별기온_(2020-2025).csv", "CSV", 0, 80, 0, 0, 0, 0, 0, 0, 0, 0, 0, 0, 0, 0, 0, 0, 0, 0, 0, 16, 96
"c:\Users\dkreh\Desktop\KDT_RE_5th\3_Data_Analysis_Project\01_DataAnalysis\data\raw\weather\강원도(홍천)_월별풍속_(2020-2025).csv", "CSV", 0, 80, 0, 0, 0, 0, 0, 0, 0, 0, 0, 0, 0, 0, 0, 0, 0, 0, 0, 16, 96
"c:\Users\dkreh\Desktop\KDT_RE_5th\3_Data_Analysis_Project\01_DataAnalysis\data\raw\weather\강원도(홍천)_월일조일사_(2020-2025).csv", "CSV", 0, 80, 0, 0, 0, 0, 0, 0, 0, 0, 0, 0, 0, 0, 0, 0, 0, 0, 0, 16, 96
"c:\Users\dkreh\Desktop\KDT_RE_5th\3_Data_Analysis_Project\01_DataAnalysis\data\raw\weather\강원도_기온_강수량_자료(2021-2023).csv", "CSV", 0, 39, 0, 0, 0, 0, 0, 0, 0, 0, 0, 0, 0, 0, 0, 0, 0, 0, 0, 7, 46
"c:\Users\dkreh\Desktop\KDT_RE_5th\3_Data_Analysis_Project\01_DataAnalysis\results\figures\강원도_재생에너지_기후요인_최종.html", "HTML", 0, 0, 0, 0, 0, 0, 0, 310, 0, 0, 0, 0, 0, 0, 0, 0, 0, 0, 0, 186, 496
"c:\Users\dkreh\Desktop\KDT_RE_5th\3_Data_Analysis_Project\01_DataAnalysis\results\tables\RE100_국가별_비교_한국포함.csv", "CSV", 0, 8, 0, 0, 0, 0, 0, 0, 0, 0, 0, 0, 0, 0, 0, 0, 0, 0, 0, 1, 9
"c:\Users\dkreh\Desktop\KDT_RE_5th\3_Data_Analysis_Project\01_DataAnalysis\results\tables\RE100_국가별_비교_확장.csv", "CSV", 0, 13, 0, 0, 0, 0, 0, 0, 0, 0, 0, 0, 0, 0, 0, 0, 0, 0, 0, 1, 14
"c:\Users\dkreh\Desktop\KDT_RE_5th\3_Data_Analysis_Project\01_DataAnalysis\results\tables\energy.ipynb", "JSON", 1634, 0, 0, 0, 0, 0, 0, 0, 0, 0, 0, 0, 0, 0, 0, 0, 0, 0, 0, 1, 1635
"c:\Users\dkreh\Desktop\KDT_RE_5th\3_Data_Analysis_Project\01_DataAnalysis\results\tables\k_re100_companies_all.csv", "CSV", 0, 22, 0, 0, 0, 0, 0, 0, 0, 0, 0, 0, 0, 0, 0, 0, 0, 0, 0, 1, 23
"c:\Users\dkreh\Desktop\KDT_RE_5th\3_Data_Analysis_Project\01_DataAnalysis\results\tables\강원도_신재생에너지_2023년.csv", "CSV", 0, 10, 0, 0, 0, 0, 0, 0, 0, 0, 0, 0, 0, 0, 0, 0, 0, 0, 0, 1, 11
"c:\Users\dkreh\Desktop\KDT_RE_5th\3_Data_Analysis_Project\01_DataAnalysis\results\tables\재생에너지_상관관계_인사이트.md", "Markdown", 0, 0, 116, 0, 0, 0, 0, 0, 0, 0, 0, 0, 0, 0, 0, 0, 0, 0, 0, 46, 162
"c:\Users\dkreh\Desktop\KDT_RE_5th\3_Data_Analysis_Project\01_DataAnalysis\sample.ipynb", "JSON", 301, 0, 0, 0, 0, 0, 0, 0, 0, 0, 0, 0, 0, 0, 0, 0, 0, 0, 0, 1, 302
"c:\Users\dkreh\Desktop\KDT_RE_5th\3_Data_Analysis_Project\01_DataAnalysis\scripts\crawling\energy_analysis.ipynb", "JSON", 2376, 0, 0, 0, 0, 0, 0, 0, 0, 0, 0, 0, 0, 0, 0, 0, 0, 0, 0, 1, 2377
"c:\Users\dkreh\Desktop\KDT_RE_5th\3_Data_Analysis_Project\01_DataAnalysis\scripts\crawling\energy_crawl.ipynb", "JSON", 352, 0, 0, 0, 0, 0, 0, 0, 0, 0, 0, 0, 0, 0, 0, 0, 0, 0, 0, 1, 353
"c:\Users\dkreh\Desktop\KDT_RE_5th\3_Data_Analysis_Project\01_DataAnalysis\scripts\crawling\web_crawl.ipynb", "JSON", 736, 0, 0, 0, 0, 0, 0, 0, 0, 0, 0, 0, 0, 0, 0, 0, 0, 0, 0, 1, 737
"c:\Users\dkreh\Desktop\KDT_RE_5th\3_Data_Analysis_Project\01_DataAnalysis\scripts\preprocessing\re100_graph.ipynb", "JSON", 891, 0, 0, 0, 0, 0, 0, 0, 0, 0, 0, 0, 0, 0, 0, 0, 0, 0, 0, 1, 892
"c:\Users\dkreh\Desktop\KDT_RE_5th\3_Data_Analysis_Project\README.md", "Markdown", 0, 0, 77, 0, 0, 0, 0, 0, 0, 0, 0, 0, 0, 0, 0, 0, 0, 0, 0, 45, 122
"c:\Users\dkreh\Desktop\KDT_RE_5th\3_Data_Analysis_Project\index.html", "HTML", 0, 0, 0, 0, 0, 0, 0, 310, 0, 0, 0, 0, 0, 0, 0, 0, 0, 0, 0, 186, 496
"c:\Users\dkreh\Desktop\KDT_RE_5th\4_Web\01_HTML\01_html.html", "HTML", 0, 0, 0, 0, 0, 0, 0, 93, 0, 0, 0, 0, 0, 0, 0, 0, 0, 0, 19, 7, 119
"c:\Users\dkreh\Desktop\KDT_RE_5th\4_Web\01_HTML\01_img_practice.html", "HTML", 0, 0, 0, 0, 0, 0, 0, 31, 0, 0, 0, 0, 0, 0, 0, 0, 0, 0, 0, 0, 31
"c:\Users\dkreh\Desktop\KDT_RE_5th\4_Web\01_HTML\01_practice.html", "HTML", 0, 0, 0, 0, 0, 0, 0, 69, 0, 0, 0, 0, 0, 0, 0, 0, 0, 0, 0, 0, 69
"c:\Users\dkreh\Desktop\KDT_RE_5th\4_Web\01_HTML\01_table2_practice.html", "HTML", 0, 0, 0, 0, 0, 0, 0, 80, 0, 0, 0, 0, 0, 0, 0, 0, 0, 0, 0, 1, 81
"c:\Users\dkreh\Desktop\KDT_RE_5th\4_Web\01_HTML\01_table_practice.html", "HTML", 0, 0, 0, 0, 0, 0, 0, 23, 0, 0, 0, 0, 0, 0, 0, 0, 0, 0, 0, 0, 23
"c:\Users\dkreh\Desktop\KDT_RE_5th\4_Web\01_HTML\02_semantic.html", "HTML", 0, 0, 0, 0, 0, 0, 0, 35, 0, 0, 0, 0, 0, 0, 0, 0, 0, 0, 4, 2, 41
"c:\Users\dkreh\Desktop\KDT_RE_5th\4_Web\02_CSS\01_css.css", "PostCSS", 0, 0, 0, 0, 6, 0, 0, 0, 0, 0, 0, 0, 0, 0, 0, 0, 0, 0, 0, 1, 7
"c:\Users\dkreh\Desktop\KDT_RE_5th\4_Web\02_CSS\01_css.html", "HTML", 0, 0, 0, 0, 0, 0, 0, 27, 0, 0, 0, 0, 0, 0, 0, 0, 0, 0, 4, 2, 33
"c:\Users\dkreh\Desktop\KDT_RE_5th\4_Web\02_CSS\02_selector.css", "PostCSS", 0, 0, 0, 0, 41, 0, 0, 0, 0, 0, 0, 0, 0, 0, 0, 0, 0, 0, 13, 16, 70
"c:\Users\dkreh\Desktop\KDT_RE_5th\4_Web\02_CSS\02_selector.html", "HTML", 0, 0, 0, 0, 0, 0, 0, 23, 0, 0, 0, 0, 0, 0, 0, 0, 0, 0, 10, 1, 34
"c:\Users\dkreh\Desktop\KDT_RE_5th\4_Web\02_CSS\02_selector2.css", "PostCSS", 0, 0, 0, 0, 52, 0, 0, 0, 0, 0, 0, 0, 0, 0, 0, 0, 0, 0, 5, 12, 69
"c:\Users\dkreh\Desktop\KDT_RE_5th\4_Web\02_CSS\02_selector2.html", "HTML", 0, 0, 0, 0, 0, 0, 0, 27, 0, 0, 0, 0, 0, 0, 0, 0, 0, 0, 0, 3, 30
"c:\Users\dkreh\Desktop\KDT_RE_5th\4_Web\02_CSS\02_selector3.css", "PostCSS", 0, 0, 0, 0, 6, 0, 0, 0, 0, 0, 0, 0, 0, 0, 0, 0, 0, 0, 1, 1, 8
"c:\Users\dkreh\Desktop\KDT_RE_5th\4_Web\02_CSS\02_selector3.html", "HTML", 0, 0, 0, 0, 0, 0, 0, 14, 0, 0, 0, 0, 0, 0, 0, 0, 0, 0, 0, 0, 14
"c:\Users\dkreh\Desktop\KDT_RE_5th\4_Web\02_CSS\03_unit.css", "PostCSS", 0, 0, 0, 0, 37, 0, 0, 0, 0, 0, 0, 0, 0, 0, 0, 0, 0, 0, 3, 8, 48
"c:\Users\dkreh\Desktop\KDT_RE_5th\4_Web\02_CSS\03_unit.html", "HTML", 0, 0, 0, 0, 0, 0, 0, 21, 0, 0, 0, 0, 0, 0, 0, 0, 0, 0, 0, 1, 22
"c:\Users\dkreh\Desktop\KDT_RE_5th\4_Web\02_CSS\04_position.css", "PostCSS", 0, 0, 0, 0, 27, 0, 0, 0, 0, 0, 0, 0, 0, 0, 0, 0, 0, 0, 0, 5, 32
"c:\Users\dkreh\Desktop\KDT_RE_5th\4_Web\02_CSS\04_position.html", "HTML", 0, 0, 0, 0, 0, 0, 0, 19, 0, 0, 0, 0, 0, 0, 0, 0, 0, 0, 0, 1, 20
"c:\Users\dkreh\Desktop\KDT_RE_5th\4_Web\02_CSS\05_display.css", "PostCSS", 0, 0, 0, 0, 11, 0, 0, 0, 0, 0, 0, 0, 0, 0, 0, 0, 0, 0, 5, 2, 18
"c:\Users\dkreh\Desktop\KDT_RE_5th\4_Web\02_CSS\05_display.html", "HTML", 0, 0, 0, 0, 0, 0, 0, 17, 0, 0, 0, 0, 0, 0, 0, 0, 0, 0, 0, 0, 17
"c:\Users\dkreh\Desktop\KDT_RE_5th\4_Web\02_CSS\06_grid.css", "PostCSS", 0, 0, 0, 0, 22, 0, 0, 0, 0, 0, 0, 0, 0, 0, 0, 0, 0, 0, 2, 5, 29
"c:\Users\dkreh\Desktop\KDT_RE_5th\4_Web\02_CSS\06_grid.html", "HTML", 0, 0, 0, 0, 0, 0, 0, 22, 0, 0, 0, 0, 0, 0, 0, 0, 0, 0, 0, 0, 22
"c:\Users\dkreh\Desktop\KDT_RE_5th\4_Web\02_CSS\07_transform.css", "PostCSS", 0, 0, 0, 0, 43, 0, 0, 0, 0, 0, 0, 0, 0, 0, 0, 0, 0, 0, 8, 10, 61
"c:\Users\dkreh\Desktop\KDT_RE_5th\4_Web\02_CSS\07_transform.html", "HTML", 0, 0, 0, 0, 0, 0, 0, 28, 0, 0, 0, 0, 0, 0, 0, 0, 0, 0, 0, 3, 31
"c:\Users\dkreh\Desktop\KDT_RE_5th\4_Web\02_CSS\08_animation.css", "PostCSS", 0, 0, 0, 0, 36, 0, 0, 0, 0, 0, 0, 0, 0, 0, 0, 0, 0, 0, 5, 6, 47
"c:\Users\dkreh\Desktop\KDT_RE_5th\4_Web\02_CSS\08_animation.html", "HTML", 0, 0, 0, 0, 0, 0, 0, 20, 0, 0, 0, 0, 0, 0, 0, 0, 0, 0, 0, 0, 20
"c:\Users\dkreh\Desktop\KDT_RE_5th\4_Web\02_CSS\practice\CSS_practice_selector.css", "PostCSS", 0, 0, 0, 0, 12, 0, 0, 0, 0, 0, 0, 0, 0, 0, 0, 0, 0, 0, 0, 3, 15
"c:\Users\dkreh\Desktop\KDT_RE_5th\4_Web\02_CSS\practice\CSS_practice_selector.html", "HTML", 0, 0, 0, 0, 0, 0, 0, 21, 0, 0, 0, 0, 0, 0, 0, 0, 0, 0, 0, 0, 21
"c:\Users\dkreh\Desktop\KDT_RE_5th\4_Web\02_CSS\practice\CSS_practice_selector2.css", "PostCSS", 0, 0, 0, 0, 21, 0, 0, 0, 0, 0, 0, 0, 0, 0, 0, 0, 0, 0, 0, 6, 27
"c:\Users\dkreh\Desktop\KDT_RE_5th\4_Web\02_CSS\practice\CSS_practice_selector2.html", "HTML", 0, 0, 0, 0, 0, 0, 0, 27, 0, 0, 0, 0, 0, 0, 0, 0, 0, 0, 0, 1, 28
"c:\Users\dkreh\Desktop\KDT_RE_5th\4_Web\02_CSS\practice\CSS_practice_selector4.css", "PostCSS", 0, 0, 0, 0, 8, 0, 0, 0, 0, 0, 0, 0, 0, 0, 0, 0, 0, 0, 0, 2, 10
"c:\Users\dkreh\Desktop\KDT_RE_5th\4_Web\02_CSS\practice\CSS_practice_selector4.html", "HTML", 0, 0, 0, 0, 0, 0, 0, 24, 0, 0, 0, 0, 0, 0, 0, 0, 0, 0, 0, 1, 25
"c:\Users\dkreh\Desktop\KDT_RE_5th\4_Web\02_CSS\practice\CSS_practice_selector5.html", "HTML", 0, 0, 0, 0, 0, 0, 0, 22, 0, 0, 0, 0, 0, 0, 0, 0, 0, 0, 0, 1, 23
"c:\Users\dkreh\Desktop\KDT_RE_5th\4_Web\02_CSS\practice\CSS_practice_selector6.css", "PostCSS", 0, 0, 0, 0, 15, 0, 0, 0, 0, 0, 0, 0, 0, 0, 0, 0, 0, 0, 5, 4, 24
"c:\Users\dkreh\Desktop\KDT_RE_5th\4_Web\02_CSS\practice\CSS_practice_selector6.html", "HTML", 0, 0, 0, 0, 0, 0, 0, 18, 0, 0, 0, 0, 0, 0, 0, 0, 0, 0, 1, 1, 20
"c:\Users\dkreh\Desktop\KDT_RE_5th\4_Web\02_CSS\practice\CSS_practice_style.html", "HTML", 0, 0, 0, 0, 0, 0, 0, 22, 0, 0, 0, 0, 0, 0, 0, 0, 0, 0, 0, 1, 23
"c:\Users\dkreh\Desktop\KDT_RE_5th\4_Web\02_CSS\practice\Unit_practice.css", "PostCSS", 0, 0, 0, 0, 24, 0, 0, 0, 0, 0, 0, 0, 0, 0, 0, 0, 0, 0, 0, 4, 28
"c:\Users\dkreh\Desktop\KDT_RE_5th\4_Web\02_CSS\practice\Unit_practice.html", "HTML", 0, 0, 0, 0, 0, 0, 0, 15, 0, 0, 0, 0, 0, 0, 0, 0, 0, 0, 0, 0, 15
"c:\Users\dkreh\Desktop\KDT_RE_5th\4_Web\02_CSS\practice\animation_practice.css", "PostCSS", 0, 0, 0, 0, 56, 0, 0, 0, 0, 0, 0, 0, 0, 0, 0, 0, 0, 0, 0, 4, 60
"c:\Users\dkreh\Desktop\KDT_RE_5th\4_Web\02_CSS\practice\animation_practice.html", "HTML", 0, 0, 0, 0, 0, 0, 0, 13, 0, 0, 0, 0, 0, 0, 0, 0, 0, 0, 0, 0, 13
"c:\Users\dkreh\Desktop\KDT_RE_5th\4_Web\02_CSS\practice\css_practice_selector3.css", "PostCSS", 0, 0, 0, 0, 9, 0, 0, 0, 0, 0, 0, 0, 0, 0, 0, 0, 0, 0, 0, 2, 11
"c:\Users\dkreh\Desktop\KDT_RE_5th\4_Web\02_CSS\practice\css_practice_selector3.html", "HTML", 0, 0, 0, 0, 0, 0, 0, 16, 0, 0, 0, 0, 0, 0, 0, 0, 0, 0, 0, 0, 16
"c:\Users\dkreh\Desktop\KDT_RE_5th\4_Web\02_CSS\practice\flex_practice.css", "PostCSS", 0, 0, 0, 0, 54, 0, 0, 0, 0, 0, 0, 0, 0, 0, 0, 0, 0, 0, 4, 11, 69
"c:\Users\dkreh\Desktop\KDT_RE_5th\4_Web\02_CSS\practice\flex_practice.html", "HTML", 0, 0, 0, 0, 0, 0, 0, 44, 0, 0, 0, 0, 0, 0, 0, 0, 0, 0, 4, 2, 50
"c:\Users\dkreh\Desktop\KDT_RE_5th\4_Web\02_CSS\practice\grid_practice.css", "PostCSS", 0, 0, 0, 0, 40, 0, 0, 0, 0, 0, 0, 0, 0, 0, 0, 0, 0, 0, 0, 8, 48
"c:\Users\dkreh\Desktop\KDT_RE_5th\4_Web\02_CSS\practice\grid_practice.html", "HTML", 0, 0, 0, 0, 0, 0, 0, 21, 0, 0, 0, 0, 0, 0, 0, 0, 0, 0, 0, 0, 21
"c:\Users\dkreh\Desktop\KDT_RE_5th\4_Web\02_CSS\practice\overwatch.css", "PostCSS", 0, 0, 0, 0, 146, 0, 0, 0, 0, 0, 0, 0, 0, 0, 0, 0, 0, 0, 5, 36, 187
"c:\Users\dkreh\Desktop\KDT_RE_5th\4_Web\02_CSS\practice\overwatch.html", "HTML", 0, 0, 0, 0, 0, 0, 0, 114, 0, 0, 0, 0, 0, 0, 0, 0, 0, 0, 4, 1, 119
"c:\Users\dkreh\Desktop\KDT_RE_5th\4_Web\02_CSS\practice\position-practice2.css", "PostCSS", 0, 0, 0, 0, 61, 0, 0, 0, 0, 0, 0, 0, 0, 0, 0, 0, 0, 0, 0, 9, 70
"c:\Users\dkreh\Desktop\KDT_RE_5th\4_Web\02_CSS\practice\position-practice2.html", "HTML", 0, 0, 0, 0, 0, 0, 0, 23, 0, 0, 0, 0, 0, 0, 0, 0, 0, 0, 0, 1, 24
"c:\Users\dkreh\Desktop\KDT_RE_5th\4_Web\02_CSS\practice\position_practice.css", "PostCSS", 0, 0, 0, 0, 42, 0, 0, 0, 0, 0, 0, 0, 0, 0, 0, 0, 0, 0, 0, 3, 45
"c:\Users\dkreh\Desktop\KDT_RE_5th\4_Web\02_CSS\practice\position_practice.html", "HTML", 0, 0, 0, 0, 0, 0, 0, 16, 0, 0, 0, 0, 0, 0, 0, 0, 0, 0, 0, 0, 16
"c:\Users\dkreh\Desktop\KDT_RE_5th\4_Web\03_JavaScript\01_start.html", "HTML", 0, 0, 0, 0, 0, 0, 0, 31, 0, 0, 0, 0, 0, 0, 0, 0, 0, 0, 1, 5, 37
"c:\Users\dkreh\Desktop\KDT_RE_5th\4_Web\03_JavaScript\01_start.js", "JavaScript", 0, 0, 0, 0, 0, 0, 1, 0, 0, 0, 0, 0, 0, 0, 0, 0, 0, 0, 0, 0, 1
"c:\Users\dkreh\Desktop\KDT_RE_5th\4_Web\03_JavaScript\02_variable.html", "HTML", 0, 0, 0, 0, 0, 0, 0, 11, 0, 0, 0, 0, 0, 0, 0, 0, 0, 0, 0, 1, 12
"c:\Users\dkreh\Desktop\KDT_RE_5th\4_Web\03_JavaScript\02_variable.js", "JavaScript", 0, 0, 0, 0, 0, 0, 18, 0, 0, 0, 0, 0, 0, 0, 0, 0, 0, 0, 34, 24, 76
"c:\Users\dkreh\Desktop\KDT_RE_5th\4_Web\03_JavaScript\03_data-type.html", "HTML", 0, 0, 0, 0, 0, 0, 0, 11, 0, 0, 0, 0, 0, 0, 0, 0, 0, 0, 0, 1, 12
"c:\Users\dkreh\Desktop\KDT_RE_5th\4_Web\03_JavaScript\03_data-type.js", "JavaScript", 0, 0, 0, 0, 0, 0, 104, 0, 0, 0, 0, 0, 0, 0, 0, 0, 0, 0, 68, 61, 233
"c:\Users\dkreh\Desktop\KDT_RE_5th\4_Web\03_JavaScript\03_datatype_practice.html", "HTML", 0, 0, 0, 0, 0, 0, 0, 11, 0, 0, 0, 0, 0, 0, 0, 0, 0, 0, 0, 1, 12
"c:\Users\dkreh\Desktop\KDT_RE_5th\4_Web\03_JavaScript\03_datatype_practice.js", "JavaScript", 0, 0, 0, 0, 0, 0, 18, 0, 0, 0, 0, 0, 0, 0, 0, 0, 0, 0, 0, 6, 24
"c:\Users\dkreh\Desktop\KDT_RE_5th\4_Web\03_JavaScript\04_opperator.html", "HTML", 0, 0, 0, 0, 0, 0, 0, 11, 0, 0, 0, 0, 0, 0, 0, 0, 0, 0, 0, 1, 12
"c:\Users\dkreh\Desktop\KDT_RE_5th\4_Web\03_JavaScript\04_opperator.js", "JavaScript", 0, 0, 0, 0, 0, 0, 56, 0, 0, 0, 0, 0, 0, 0, 0, 0, 0, 0, 22, 21, 99
"c:\Users\dkreh\Desktop\KDT_RE_5th\4_Web\03_JavaScript\05_func_practice.html", "HTML", 0, 0, 0, 0, 0, 0, 0, 11, 0, 0, 0, 0, 0, 0, 0, 0, 0, 0, 0, 1, 12
"c:\Users\dkreh\Desktop\KDT_RE_5th\4_Web\03_JavaScript\05_func_practice.js", "JavaScript", 0, 0, 0, 0, 0, 0, 11, 0, 0, 0, 0, 0, 0, 0, 0, 0, 0, 0, 0, 3, 14
"c:\Users\dkreh\Desktop\KDT_RE_5th\4_Web\03_JavaScript\05_function.html", "HTML", 0, 0, 0, 0, 0, 0, 0, 11, 0, 0, 0, 0, 0, 0, 0, 0, 0, 0, 0, 1, 12
"c:\Users\dkreh\Desktop\KDT_RE_5th\4_Web\03_JavaScript\05_function.js", "JavaScript", 0, 0, 0, 0, 0, 0, 25, 0, 0, 0, 0, 0, 0, 0, 0, 0, 0, 0, 17, 9, 51
"c:\Users\dkreh\Desktop\KDT_RE_5th\4_Web\03_JavaScript\06_if.html", "HTML", 0, 0, 0, 0, 0, 0, 0, 11, 0, 0, 0, 0, 0, 0, 0, 0, 0, 0, 0, 1, 12
"c:\Users\dkreh\Desktop\KDT_RE_5th\4_Web\03_JavaScript\06_if.js", "JavaScript", 0, 0, 0, 0, 0, 0, 42, 0, 0, 0, 0, 0, 0, 0, 0, 0, 0, 0, 75, 24, 141
"c:\Users\dkreh\Desktop\KDT_RE_5th\4_Web\03_JavaScript\07_loop.html", "HTML", 0, 0, 0, 0, 0, 0, 0, 11, 0, 0, 0, 0, 0, 0, 0, 0, 0, 0, 0, 1, 12
"c:\Users\dkreh\Desktop\KDT_RE_5th\4_Web\03_JavaScript\07_loop.js", "JavaScript", 0, 0, 0, 0, 0, 0, 28, 0, 0, 0, 0, 0, 0, 0, 0, 0, 0, 0, 55, 24, 107
"c:\Users\dkreh\Desktop\KDT_RE_5th\4_Web\03_JavaScript\08_string_method.html", "HTML", 0, 0, 0, 0, 0, 0, 0, 11, 0, 0, 0, 0, 0, 0, 0, 0, 0, 0, 0, 1, 12
"c:\Users\dkreh\Desktop\KDT_RE_5th\4_Web\03_JavaScript\08_string_method.js", "JavaScript", 0, 0, 0, 0, 0, 0, 21, 0, 0, 0, 0, 0, 0, 0, 0, 0, 0, 0, 15, 13, 49
"c:\Users\dkreh\Desktop\KDT_RE_5th\4_Web\03_JavaScript\09_array_method.html", "HTML", 0, 0, 0, 0, 0, 0, 0, 11, 0, 0, 0, 0, 0, 0, 0, 0, 0, 0, 0, 1, 12
"c:\Users\dkreh\Desktop\KDT_RE_5th\4_Web\03_JavaScript\09_array_method.js", "JavaScript", 0, 0, 0, 0, 0, 0, 62, 0, 0, 0, 0, 0, 0, 0, 0, 0, 0, 0, 29, 28, 119
"c:\Users\dkreh\Desktop\KDT_RE_5th\4_Web\03_JavaScript\10_dom.html", "HTML", 0, 0, 0, 0, 0, 0, 0, 39, 0, 0, 0, 0, 0, 0, 0, 0, 0, 0, 0, 9, 48
"c:\Users\dkreh\Desktop\KDT_RE_5th\4_Web\03_JavaScript\10_dom.js", "JavaScript", 0, 0, 0, 0, 0, 0, 49, 0, 0, 0, 0, 0, 0, 0, 0, 0, 0, 0, 47, 21, 117
"c:\Users\dkreh\Desktop\KDT_RE_5th\4_Web\03_JavaScript\11_dom_02.html", "HTML", 0, 0, 0, 0, 0, 0, 0, 23, 0, 0, 0, 0, 0, 0, 0, 0, 0, 0, 0, 9, 32
"c:\Users\dkreh\Desktop\KDT_RE_5th\4_Web\03_JavaScript\11_dom_02.js", "JavaScript", 0, 0, 0, 0, 0, 0, 60, 0, 0, 0, 0, 0, 0, 0, 0, 0, 0, 0, 36, 35, 131
"c:\Users\dkreh\Desktop\KDT_RE_5th\4_Web\03_JavaScript\12_event.html", "HTML", 0, 0, 0, 0, 0, 0, 0, 28, 0, 0, 0, 0, 0, 0, 0, 0, 0, 0, 1, 1, 30
"c:\Users\dkreh\Desktop\KDT_RE_5th\4_Web\03_JavaScript\12_event.js", "JavaScript", 0, 0, 0, 0, 0, 0, 31, 0, 0, 0, 0, 0, 0, 0, 0, 0, 0, 0, 7, 8, 46
"c:\Users\dkreh\Desktop\KDT_RE_5th\4_Web\03_JavaScript\12_event_03.html", "HTML", 0, 0, 0, 0, 0, 0, 0, 29, 0, 0, 0, 0, 0, 0, 0, 0, 0, 0, 4, 3, 36
"c:\Users\dkreh\Desktop\KDT_RE_5th\4_Web\03_JavaScript\12_event_03.js", "JavaScript", 0, 0, 0, 0, 0, 0, 40, 0, 0, 0, 0, 0, 0, 0, 0, 0, 0, 0, 0, 6, 46
"c:\Users\dkreh\Desktop\KDT_RE_5th\4_Web\03_JavaScript\12_event_pr.html", "HTML", 0, 0, 0, 0, 0, 0, 0, 44, 0, 0, 0, 0, 0, 0, 0, 0, 0, 0, 0, 4, 48
"c:\Users\dkreh\Desktop\KDT_RE_5th\4_Web\03_JavaScript\12_event_pr.js", "JavaScript", 0, 0, 0, 0, 0, 0, 13, 0, 0, 0, 0, 0, 0, 0, 0, 0, 0, 0, 0, 4, 17
"c:\Users\dkreh\Desktop\KDT_RE_5th\4_Web\03_JavaScript\12_event_pr2.html", "HTML", 0, 0, 0, 0, 0, 0, 0, 20, 0, 0, 0, 0, 0, 0, 0, 0, 0, 0, 0, 2, 22
"c:\Users\dkreh\Desktop\KDT_RE_5th\4_Web\03_JavaScript\12_event_pr2.js", "JavaScript", 0, 0, 0, 0, 0, 0, 14, 0, 0, 0, 0, 0, 0, 0, 0, 0, 0, 0, 0, 7, 21
"c:\Users\dkreh\Desktop\KDT_RE_5th\4_Web\03_JavaScript\13_destruction.html", "HTML", 0, 0, 0, 0, 0, 0, 0, 11, 0, 0, 0, 0, 0, 0, 0, 0, 0, 0, 0, 1, 12
"c:\Users\dkreh\Desktop\KDT_RE_5th\4_Web\03_JavaScript\13_destruction.js", "JavaScript", 0, 0, 0, 0, 0, 0, 43, 0, 0, 0, 0, 0, 0, 0, 0, 0, 0, 0, 10, 14, 67
"c:\Users\dkreh\Desktop\KDT_RE_5th\4_Web\03_JavaScript\14_index.html", "HTML", 0, 0, 0, 0, 0, 0, 0, 11, 0, 0, 0, 0, 0, 0, 0, 0, 0, 0, 0, 1, 12
"c:\Users\dkreh\Desktop\KDT_RE_5th\4_Web\03_JavaScript\14_index.js", "JavaScript", 0, 0, 0, 0, 0, 0, 67, 0, 0, 0, 0, 0, 0, 0, 0, 0, 0, 0, 8, 14, 89
"c:\Users\dkreh\Desktop\KDT_RE_5th\4_Web\03_JavaScript\15_promise.html", "HTML", 0, 0, 0, 0, 0, 0, 0, 11, 0, 0, 0, 0, 0, 0, 0, 0, 0, 0, 0, 1, 12
"c:\Users\dkreh\Desktop\KDT_RE_5th\4_Web\03_JavaScript\15_promise.js", "JavaScript", 0, 0, 0, 0, 0, 0, 132, 0, 0, 0, 0, 0, 0, 0, 0, 0, 0, 0, 14, 23, 169
"c:\Users\dkreh\Desktop\KDT_RE_5th\4_Web\03_JavaScript\16_async.js", "JavaScript", 0, 0, 0, 0, 0, 0, 60, 0, 0, 0, 0, 0, 0, 0, 0, 0, 0, 0, 13, 17, 90
"c:\Users\dkreh\Desktop\KDT_RE_5th\4_Web\04_React\01-react-jsx\README.md", "Markdown", 0, 0, 38, 0, 0, 0, 0, 0, 0, 0, 0, 0, 0, 0, 0, 0, 0, 0, 0, 33, 71
"c:\Users\dkreh\Desktop\KDT_RE_5th\4_Web\04_React\01-react-jsx\package-lock.json", "JSON", 17324, 0, 0, 0, 0, 0, 0, 0, 0, 0, 0, 0, 0, 0, 0, 0, 0, 0, 0, 1, 17325
"c:\Users\dkreh\Desktop\KDT_RE_5th\4_Web\04_React\01-react-jsx\package.json", "JSON", 39, 0, 0, 0, 0, 0, 0, 0, 0, 0, 0, 0, 0, 0, 0, 0, 0, 0, 0, 1, 40
"c:\Users\dkreh\Desktop\KDT_RE_5th\4_Web\04_React\01-react-jsx\public\index.html", "HTML", 0, 0, 0, 0, 0, 0, 0, 20, 0, 0, 0, 0, 0, 0, 0, 0, 0, 0, 23, 1, 44
"c:\Users\dkreh\Desktop\KDT_RE_5th\4_Web\04_React\01-react-jsx\public\manifest.json", "JSON", 25, 0, 0, 0, 0, 0, 0, 0, 0, 0, 0, 0, 0, 0, 0, 0, 0, 0, 0, 1, 26
"c:\Users\dkreh\Desktop\KDT_RE_5th\4_Web\04_React\01-react-jsx\src\App.css", "PostCSS", 0, 0, 0, 0, 33, 0, 0, 0, 0, 0, 0, 0, 0, 0, 0, 0, 0, 0, 0, 6, 39
"c:\Users\dkreh\Desktop\KDT_RE_5th\4_Web\04_React\01-react-jsx\src\App.jsx", "JavaScript JSX", 0, 0, 0, 0, 0, 53, 0, 0, 0, 0, 0, 0, 0, 0, 0, 0, 0, 0, 22, 5, 80
"c:\Users\dkreh\Desktop\KDT_RE_5th\4_Web\04_React\01-react-jsx\src\App.test.js", "JavaScript", 0, 0, 0, 0, 0, 0, 7, 0, 0, 0, 0, 0, 0, 0, 0, 0, 0, 0, 0, 2, 9
"c:\Users\dkreh\Desktop\KDT_RE_5th\4_Web\04_React\01-react-jsx\src\app1.css", "PostCSS", 0, 0, 0, 0, 14, 0, 0, 0, 0, 0, 0, 0, 0, 0, 0, 0, 0, 0, 0, 2, 16
"c:\Users\dkreh\Desktop\KDT_RE_5th\4_Web\04_React\01-react-jsx\src\index.css", "PostCSS", 0, 0, 0, 0, 12, 0, 0, 0, 0, 0, 0, 0, 0, 0, 0, 0, 0, 0, 0, 2, 14
"c:\Users\dkreh\Desktop\KDT_RE_5th\4_Web\04_React\01-react-jsx\src\index.js", "JavaScript", 0, 0, 0, 0, 0, 0, 12, 0, 0, 0, 0, 0, 0, 0, 0, 0, 0, 0, 3, 3, 18
"c:\Users\dkreh\Desktop\KDT_RE_5th\4_Web\04_React\01-react-jsx\src\logo.svg", "XML", 0, 0, 0, 0, 0, 0, 0, 0, 1, 0, 0, 0, 0, 0, 0, 0, 0, 0, 0, 0, 1
"c:\Users\dkreh\Desktop\KDT_RE_5th\4_Web\04_React\01-react-jsx\src\reportWebVitals.js", "JavaScript", 0, 0, 0, 0, 0, 0, 12, 0, 0, 0, 0, 0, 0, 0, 0, 0, 0, 0, 0, 2, 14
"c:\Users\dkreh\Desktop\KDT_RE_5th\4_Web\04_React\01-react-jsx\src\setupTests.js", "JavaScript", 0, 0, 0, 0, 0, 0, 1, 0, 0, 0, 0, 0, 0, 0, 0, 0, 0, 0, 4, 1, 6
"c:\Users\dkreh\Desktop\KDT_RE_5th\4_Web\04_React\02-props\README.md", "Markdown", 0, 0, 38, 0, 0, 0, 0, 0, 0, 0, 0, 0, 0, 0, 0, 0, 0, 0, 0, 33, 71
"c:\Users\dkreh\Desktop\KDT_RE_5th\4_Web\04_React\02-props\package-lock.json", "JSON", 17324, 0, 0, 0, 0, 0, 0, 0, 0, 0, 0, 0, 0, 0, 0, 0, 0, 0, 0, 1, 17325
"c:\Users\dkreh\Desktop\KDT_RE_5th\4_Web\04_React\02-props\package.json", "JSON", 39, 0, 0, 0, 0, 0, 0, 0, 0, 0, 0, 0, 0, 0, 0, 0, 0, 0, 0, 1, 40
"c:\Users\dkreh\Desktop\KDT_RE_5th\4_Web\04_React\02-props\public\index.html", "HTML", 0, 0, 0, 0, 0, 0, 0, 19, 0, 0, 0, 0, 0, 0, 0, 0, 0, 0, 23, 1, 43
"c:\Users\dkreh\Desktop\KDT_RE_5th\4_Web\04_React\02-props\src\App.css", "PostCSS", 0, 0, 0, 0, 57, 0, 0, 0, 0, 0, 0, 0, 0, 0, 0, 0, 0, 0, 0, 14, 71
"c:\Users\dkreh\Desktop\KDT_RE_5th\4_Web\04_React\02-props\src\App.jsx", "JavaScript JSX", 0, 0, 0, 0, 0, 17, 0, 0, 0, 0, 0, 0, 0, 0, 0, 0, 0, 0, 9, 4, 30
"c:\Users\dkreh\Desktop\KDT_RE_5th\4_Web\04_React\02-props\src\Button.jsx", "JavaScript JSX", 0, 0, 0, 0, 0, 9, 0, 0, 0, 0, 0, 0, 0, 0, 0, 0, 0, 0, 0, 1, 10
"c:\Users\dkreh\Desktop\KDT_RE_5th\4_Web\04_React\02-props\src\Counter.jsx", "JavaScript JSX", 0, 0, 0, 0, 0, 20, 0, 0, 0, 0, 0, 0, 0, 0, 0, 0, 0, 0, 0, 4, 24
"c:\Users\dkreh\Desktop\KDT_RE_5th\4_Web\04_React\02-props\src\FunctionComponent.jsx", "JavaScript JSX", 0, 0, 0, 0, 0, 15, 0, 0, 0, 0, 0, 0, 0, 0, 0, 0, 0, 0, 8, 3, 26
"c:\Users\dkreh\Desktop\KDT_RE_5th\4_Web\04_React\02-props\src\Sstate.jsx", "JavaScript JSX", 0, 0, 0, 0, 0, 14, 0, 0, 0, 0, 0, 0, 0, 0, 0, 0, 0, 0, 0, 3, 17
"c:\Users\dkreh\Desktop\KDT_RE_5th\4_Web\04_React\02-props\src\index.css", "PostCSS", 0, 0, 0, 0, 12, 0, 0, 0, 0, 0, 0, 0, 0, 0, 0, 0, 0, 0, 0, 2, 14
"c:\Users\dkreh\Desktop\KDT_RE_5th\4_Web\04_React\02-props\src\index.js", "JavaScript", 0, 0, 0, 0, 0, 0, 10, 0, 0, 0, 0, 0, 0, 0, 0, 0, 0, 0, 3, 5, 18
"c:\Users\dkreh\Desktop\KDT_RE_5th\4_Web\04_React\02-props\src\practice.jsx", "JavaScript JSX", 0, 0, 0, 0, 0, 24, 0, 0, 0, 0, 0, 0, 0, 0, 0, 0, 0, 0, 8, 5, 37
"c:\Users\dkreh\Desktop\KDT_RE_5th\4_Web\04_React\03-map-filter\README.md", "Markdown", 0, 0, 38, 0, 0, 0, 0, 0, 0, 0, 0, 0, 0, 0, 0, 0, 0, 0, 0, 33, 71
"c:\Users\dkreh\Desktop\KDT_RE_5th\4_Web\04_React\03-map-filter\package-lock.json", "JSON", 17324, 0, 0, 0, 0, 0, 0, 0, 0, 0, 0, 0, 0, 0, 0, 0, 0, 0, 0, 1, 17325
"c:\Users\dkreh\Desktop\KDT_RE_5th\4_Web\04_React\03-map-filter\package.json", "JSON", 39, 0, 0, 0, 0, 0, 0, 0, 0, 0, 0, 0, 0, 0, 0, 0, 0, 0, 0, 1, 40
"c:\Users\dkreh\Desktop\KDT_RE_5th\4_Web\04_React\03-map-filter\public\index.html", "HTML", 0, 0, 0, 0, 0, 0, 0, 19, 0, 0, 0, 0, 0, 0, 0, 0, 0, 0, 23, 2, 44
"c:\Users\dkreh\Desktop\KDT_RE_5th\4_Web\04_React\03-map-filter\src\Alphbet.jsx", "JavaScript JSX", 0, 0, 0, 0, 0, 30, 0, 0, 0, 0, 0, 0, 0, 0, 0, 0, 0, 0, 8, 3, 41
"c:\Users\dkreh\Desktop\KDT_RE_5th\4_Web\04_React\03-map-filter\src\Alphbet2.jsx", "JavaScript JSX", 0, 0, 0, 0, 0, 38, 0, 0, 0, 0, 0, 0, 0, 0, 0, 0, 0, 0, 9, 4, 51
"c:\Users\dkreh\Desktop\KDT_RE_5th\4_Web\04_React\03-map-filter\src\App.css", "PostCSS", 0, 0, 0, 0, 35, 0, 0, 0, 0, 0, 0, 0, 0, 0, 0, 0, 0, 0, 0, 7, 42
"c:\Users\dkreh\Desktop\KDT_RE_5th\4_Web\04_React\03-map-filter\src\App.js", "JavaScript", 0, 0, 0, 0, 0, 0, 14, 0, 0, 0, 0, 0, 0, 0, 0, 0, 0, 0, 2, 3, 19
"c:\Users\dkreh\Desktop\KDT_RE_5th\4_Web\04_React\03-map-filter\src\Practice1.jsx", "JavaScript JSX", 0, 0, 0, 0, 0, 47, 0, 0, 0, 0, 0, 0, 0, 0, 0, 0, 0, 0, 0, 5, 52
"c:\Users\dkreh\Desktop\KDT_RE_5th\4_Web\04_React\03-map-filter\src\Practice2.jsx", "JavaScript JSX", 0, 0, 0, 0, 0, 70, 0, 0, 0, 0, 0, 0, 0, 0, 0, 0, 0, 0, 0, 6, 76
"c:\Users\dkreh\Desktop\KDT_RE_5th\4_Web\04_React\03-map-filter\src\index.css", "PostCSS", 0, 0, 0, 0, 12, 0, 0, 0, 0, 0, 0, 0, 0, 0, 0, 0, 0, 0, 0, 2, 14
"c:\Users\dkreh\Desktop\KDT_RE_5th\4_Web\04_React\03-map-filter\src\index.js", "JavaScript", 0, 0, 0, 0, 0, 0, 10, 0, 0, 0, 0, 0, 0, 0, 0, 0, 0, 0, 3, 5, 18
"c:\Users\dkreh\Desktop\KDT_RE_5th\4_Web\04_React\04-lifecycle\README.md", "Markdown", 0, 0, 38, 0, 0, 0, 0, 0, 0, 0, 0, 0, 0, 0, 0, 0, 0, 0, 0, 33, 71
"c:\Users\dkreh\Desktop\KDT_RE_5th\4_Web\04_React\04-lifecycle\package-lock.json", "JSON", 17233, 0, 0, 0, 0, 0, 0, 0, 0, 0, 0, 0, 0, 0, 0, 0, 0, 0, 0, 1, 17234
"c:\Users\dkreh\Desktop\KDT_RE_5th\4_Web\04_React\04-lifecycle\package.json", "JSON", 39, 0, 0, 0, 0, 0, 0, 0, 0, 0, 0, 0, 0, 0, 0, 0, 0, 0, 0, 1, 40
"c:\Users\dkreh\Desktop\KDT_RE_5th\4_Web\04_React\04-lifecycle\public\index.html", "HTML", 0, 0, 0, 0, 0, 0, 0, 19, 0, 0, 0, 0, 0, 0, 0, 0, 0, 0, 23, 1, 43
"c:\Users\dkreh\Desktop\KDT_RE_5th\4_Web\04_React\04-lifecycle\src\App.css", "PostCSS", 0, 0, 0, 0, 33, 0, 0, 0, 0, 0, 0, 0, 0, 0, 0, 0, 0, 0, 0, 6, 39
"c:\Users\dkreh\Desktop\KDT_RE_5th\4_Web\04_React\04-lifecycle\src\App.jsx", "JavaScript JSX", 0, 0, 0, 0, 0, 14, 0, 0, 0, 0, 0, 0, 0, 0, 0, 0, 0, 0, 0, 3, 17
"c:\Users\dkreh\Desktop\KDT_RE_5th\4_Web\04_React\04-lifecycle\src\EventHandling.jsx", "JavaScript JSX", 0, 0, 0, 0, 0, 13, 0, 0, 0, 0, 0, 0, 0, 0, 0, 0, 0, 0, 0, 3, 16
"c:\Users\dkreh\Desktop\KDT_RE_5th\4_Web\04_React\04-lifecycle\src\LifeCycleChild.jsx", "JavaScript JSX", 0, 0, 0, 0, 0, 26, 0, 0, 0, 0, 0, 0, 0, 0, 0, 0, 0, 0, 4, 4, 34
"c:\Users\dkreh\Desktop\KDT_RE_5th\4_Web\04_React\04-lifecycle\src\LifeCyclieFunc.jsx", "JavaScript JSX", 0, 0, 0, 0, 0, 20, 0, 0, 0, 0, 0, 0, 0, 0, 0, 0, 0, 0, 0, 5, 25
"c:\Users\dkreh\Desktop\KDT_RE_5th\4_Web\04_React\04-lifecycle\src\Practice1.jsx", "JavaScript JSX", 0, 0, 0, 0, 0, 25, 0, 0, 0, 0, 0, 0, 0, 0, 0, 0, 0, 0, 0, 4, 29
"c:\Users\dkreh\Desktop\KDT_RE_5th\4_Web\04_React\04-lifecycle\src\Practice1Child.jsx", "JavaScript JSX", 0, 0, 0, 0, 0, 69, 0, 0, 0, 0, 0, 0, 0, 0, 0, 0, 0, 0, 0, 3, 72
"c:\Users\dkreh\Desktop\KDT_RE_5th\4_Web\04_React\04-lifecycle\src\index.css", "PostCSS", 0, 0, 0, 0, 12, 0, 0, 0, 0, 0, 0, 0, 0, 0, 0, 0, 0, 0, 0, 2, 14
"c:\Users\dkreh\Desktop\KDT_RE_5th\4_Web\04_React\04-lifecycle\src\index.js", "JavaScript", 0, 0, 0, 0, 0, 0, 10, 0, 0, 0, 0, 0, 0, 0, 0, 0, 0, 0, 3, 4, 17
"c:\Users\dkreh\Desktop\KDT_RE_5th\4_Web\04_React\05-hooks\README.md", "Markdown", 0, 0, 38, 0, 0, 0, 0, 0, 0, 0, 0, 0, 0, 0, 0, 0, 0, 0, 0, 33, 71
"c:\Users\dkreh\Desktop\KDT_RE_5th\4_Web\04_React\05-hooks\package-lock.json", "JSON", 17369, 0, 0, 0, 0, 0, 0, 0, 0, 0, 0, 0, 0, 0, 0, 0, 0, 0, 0, 1, 17370
"c:\Users\dkreh\Desktop\KDT_RE_5th\4_Web\04_React\05-hooks\package.json", "JSON", 40, 0, 0, 0, 0, 0, 0, 0, 0, 0, 0, 0, 0, 0, 0, 0, 0, 0, 0, 1, 41
"c:\Users\dkreh\Desktop\KDT_RE_5th\4_Web\04_React\05-hooks\public\index.html", "HTML", 0, 0, 0, 0, 0, 0, 0, 19, 0, 0, 0, 0, 0, 0, 0, 0, 0, 0, 23, 1, 43
"c:\Users\dkreh\Desktop\KDT_RE_5th\4_Web\04_React\05-hooks\src\App.css", "PostCSS", 0, 0, 0, 0, 33, 0, 0, 0, 0, 0, 0, 0, 0, 0, 0, 0, 0, 0, 0, 6, 39
"c:\Users\dkreh\Desktop\KDT_RE_5th\4_Web\04_React\05-hooks\src\App.js", "JavaScript", 0, 0, 0, 0, 0, 0, 25, 0, 0, 0, 0, 0, 0, 0, 0, 0, 0, 0, 0, 2, 27
"c:\Users\dkreh\Desktop\KDT_RE_5th\4_Web\04_React\05-hooks\src\components\CssModule.jsx", "JavaScript JSX", 0, 0, 0, 0, 0, 10, 0, 0, 0, 0, 0, 0, 0, 0, 0, 0, 0, 0, 7, 2, 19
"c:\Users\dkreh\Desktop\KDT_RE_5th\4_Web\04_React\05-hooks\src\components\Faq.jsx", "JavaScript JSX", 0, 0, 0, 0, 0, 14, 0, 0, 0, 0, 0, 0, 0, 0, 0, 0, 0, 0, 0, 3, 17
"c:\Users\dkreh\Desktop\KDT_RE_5th\4_Web\04_React\05-hooks\src\components\Input.jsx", "JavaScript JSX", 0, 0, 0, 0, 0, 16, 0, 0, 0, 0, 0, 0, 0, 0, 0, 0, 0, 0, 0, 1, 17
"c:\Users\dkreh\Desktop\KDT_RE_5th\4_Web\04_React\05-hooks\src\components\Practice.jsx", "JavaScript JSX", 0, 0, 0, 0, 0, 44, 0, 0, 0, 0, 0, 0, 0, 0, 0, 0, 0, 0, 1, 3, 48
"c:\Users\dkreh\Desktop\KDT_RE_5th\4_Web\04_React\05-hooks\src\components\Result.jsx", "JavaScript JSX", 0, 0, 0, 0, 0, 28, 0, 0, 0, 0, 0, 0, 0, 0, 0, 0, 0, 0, 0, 2, 30
"c:\Users\dkreh\Desktop\KDT_RE_5th\4_Web\04_React\05-hooks\src\components\Select.jsx", "JavaScript JSX", 0, 0, 0, 0, 0, 34, 0, 0, 0, 0, 0, 0, 0, 0, 0, 0, 0, 0, 0, 6, 40
"c:\Users\dkreh\Desktop\KDT_RE_5th\4_Web\04_React\05-hooks\src\components\StyledComponent.jsx", "JavaScript JSX", 0, 0, 0, 0, 0, 17, 0, 0, 0, 0, 0, 0, 0, 0, 0, 0, 0, 0, 4, 5, 26
"c:\Users\dkreh\Desktop\KDT_RE_5th\4_Web\04_React\05-hooks\src\components\UseMemoEx.jsx", "JavaScript JSX", 0, 0, 0, 0, 0, 20, 0, 0, 0, 0, 0, 0, 0, 0, 0, 0, 0, 0, 15, 7, 42
"c:\Users\dkreh\Desktop\KDT_RE_5th\4_Web\04_React\05-hooks\src\hooks\useToggle.js", "JavaScript", 0, 0, 0, 0, 0, 0, 8, 0, 0, 0, 0, 0, 0, 0, 0, 0, 0, 0, 1, 2, 11
"c:\Users\dkreh\Desktop\KDT_RE_5th\4_Web\04_React\05-hooks\src\index.css", "PostCSS", 0, 0, 0, 0, 12, 0, 0, 0, 0, 0, 0, 0, 0, 0, 0, 0, 0, 0, 0, 2, 14
"c:\Users\dkreh\Desktop\KDT_RE_5th\4_Web\04_React\05-hooks\src\index.js", "JavaScript", 0, 0, 0, 0, 0, 0, 10, 0, 0, 0, 0, 0, 0, 0, 0, 0, 0, 0, 3, 5, 18
"c:\Users\dkreh\Desktop\KDT_RE_5th\4_Web\04_React\05-hooks\src\style\cssModule.module.css", "PostCSS", 0, 0, 0, 0, 13, 0, 0, 0, 0, 0, 0, 0, 0, 0, 0, 0, 0, 0, 0, 3, 16
"c:\Users\dkreh\Desktop\KDT_RE_5th\4_Web\04_React\06-routing\README.md", "Markdown", 0, 0, 38, 0, 0, 0, 0, 0, 0, 0, 0, 0, 0, 0, 0, 0, 0, 0, 0, 33, 71
"c:\Users\dkreh\Desktop\KDT_RE_5th\4_Web\04_React\06-routing\package-lock.json", "JSON", 17325, 0, 0, 0, 0, 0, 0, 0, 0, 0, 0, 0, 0, 0, 0, 0, 0, 0, 0, 1, 17326
"c:\Users\dkreh\Desktop\KDT_RE_5th\4_Web\04_React\06-routing\package.json", "JSON", 41, 0, 0, 0, 0, 0, 0, 0, 0, 0, 0, 0, 0, 0, 0, 0, 0, 0, 0, 1, 42
"c:\Users\dkreh\Desktop\KDT_RE_5th\4_Web\04_React\06-routing\public\index.html", "HTML", 0, 0, 0, 0, 0, 0, 0, 18, 0, 0, 0, 0, 0, 0, 0, 0, 0, 0, 10, 2, 30
"c:\Users\dkreh\Desktop\KDT_RE_5th\4_Web\04_React\06-routing\src\App.js", "JavaScript", 0, 0, 0, 0, 0, 0, 43, 0, 0, 0, 0, 0, 0, 0, 0, 0, 0, 0, 0, 4, 47
"c:\Users\dkreh\Desktop\KDT_RE_5th\4_Web\04_React\06-routing\src\components\Header.css", "PostCSS", 0, 0, 0, 0, 65, 0, 0, 0, 0, 0, 0, 0, 0, 0, 0, 0, 0, 0, 0, 10, 75
"c:\Users\dkreh\Desktop\KDT_RE_5th\4_Web\04_React\06-routing\src\components\Header.jsx", "JavaScript JSX", 0, 0, 0, 0, 0, 18, 0, 0, 0, 0, 0, 0, 0, 0, 0, 0, 0, 0, 0, 3, 21
"c:\Users\dkreh\Desktop\KDT_RE_5th\4_Web\04_React\06-routing\src\components\Practice.jsx", "JavaScript JSX", 0, 0, 0, 0, 0, 13, 0, 0, 0, 0, 0, 0, 0, 0, 0, 0, 0, 0, 0, 3, 16
"c:\Users\dkreh\Desktop\KDT_RE_5th\4_Web\04_React\06-routing\src\components\Practice2.jsx", "JavaScript JSX", 0, 0, 0, 0, 0, 15, 0, 0, 0, 0, 0, 0, 0, 0, 0, 0, 0, 0, 0, 3, 18
"c:\Users\dkreh\Desktop\KDT_RE_5th\4_Web\04_React\06-routing\src\components\ProductItem.jsx", "JavaScript JSX", 0, 0, 0, 0, 0, 14, 0, 0, 0, 0, 0, 0, 0, 0, 0, 0, 0, 0, 0, 3, 17
"c:\Users\dkreh\Desktop\KDT_RE_5th\4_Web\04_React\06-routing\src\components\ProductList.jsx", "JavaScript JSX", 0, 0, 0, 0, 0, 71, 0, 0, 0, 0, 0, 0, 0, 0, 0, 0, 0, 0, 3, 4, 78
"c:\Users\dkreh\Desktop\KDT_RE_5th\4_Web\04_React\06-routing\src\index.js", "JavaScript", 0, 0, 0, 0, 0, 0, 10, 0, 0, 0, 0, 0, 0, 0, 0, 0, 0, 0, 0, 2, 12
"c:\Users\dkreh\Desktop\KDT_RE_5th\4_Web\04_React\06-routing\src\pages\MainPage.jsx", "JavaScript JSX", 0, 0, 0, 0, 0, 22, 0, 0, 0, 0, 0, 0, 0, 0, 0, 0, 0, 0, 0, 4, 26
"c:\Users\dkreh\Desktop\KDT_RE_5th\4_Web\04_React\06-routing\src\pages\NotFound.jsx", "JavaScript JSX", 0, 0, 0, 0, 0, 10, 0, 0, 0, 0, 0, 0, 0, 0, 0, 0, 0, 0, 0, 2, 12
"c:\Users\dkreh\Desktop\KDT_RE_5th\4_Web\04_React\06-routing\src\pages\PracticePage.jsx", "JavaScript JSX", 0, 0, 0, 0, 0, 24, 0, 0, 0, 0, 0, 0, 0, 0, 0, 0, 0, 0, 0, 2, 26
"c:\Users\dkreh\Desktop\KDT_RE_5th\4_Web\04_React\06-routing\src\pages\ProductDetailPage.jsx", "JavaScript JSX", 0, 0, 0, 0, 0, 24, 0, 0, 0, 0, 0, 0, 0, 0, 0, 0, 0, 0, 2, 3, 29
"c:\Users\dkreh\Desktop\KDT_RE_5th\4_Web\04_React\06-routing\src\pages\ProductPage.jsx", "JavaScript JSX", 0, 0, 0, 0, 0, 10, 0, 0, 0, 0, 0, 0, 0, 0, 0, 0, 0, 0, 0, 2, 12
"c:\Users\dkreh\Desktop\KDT_RE_5th\4_Web\04_React\06-routing\src\styles\App.css", "PostCSS", 0, 0, 0, 0, 37, 0, 0, 0, 0, 0, 0, 0, 0, 0, 0, 0, 0, 0, 0, 7, 44
"c:\Users\dkreh\Desktop\KDT_RE_5th\4_Web\04_React\06-routing\src\styles\index.css", "PostCSS", 0, 0, 0, 0, 12, 0, 0, 0, 0, 0, 0, 0, 0, 0, 0, 0, 0, 0, 0, 2, 14
"c:\Users\dkreh\Desktop\KDT_RE_5th\5_Arduino\00_practice_01\00_practice_01.ino", "C++", 0, 0, 0, 0, 0, 0, 0, 0, 0, 103, 0, 0, 0, 0, 0, 0, 0, 0, 0, 15, 118
"c:\Users\dkreh\Desktop\KDT_RE_5th\5_Arduino\00_practice_02\00_practice_02.ino", "C++", 0, 0, 0, 0, 0, 0, 0, 0, 0, 125, 0, 0, 0, 0, 0, 0, 0, 0, 0, 32, 157
"c:\Users\dkreh\Desktop\KDT_RE_5th\5_Arduino\01_LED_01\01_LED_01.ino", "C++", 0, 0, 0, 0, 0, 0, 0, 0, 0, 9, 0, 0, 0, 0, 0, 0, 0, 0, 0, 3, 12
"c:\Users\dkreh\Desktop\KDT_RE_5th\5_Arduino\01_LED_02\01_LED_02.ino\01_LED_02.ino.ino", "C++", 0, 0, 0, 0, 0, 0, 0, 0, 0, 22, 0, 0, 0, 0, 0, 0, 0, 0, 25, 5, 52
"c:\Users\dkreh\Desktop\KDT_RE_5th\5_Arduino\01_LED_03\01_LED_03.ino", "C++", 0, 0, 0, 0, 0, 0, 0, 0, 0, 18, 0, 0, 0, 0, 0, 0, 0, 0, 1, 2, 21
"c:\Users\dkreh\Desktop\KDT_RE_5th\5_Arduino\01_LED_04\01_LED_04.ino", "C++", 0, 0, 0, 0, 0, 0, 0, 0, 0, 17, 0, 0, 0, 0, 0, 0, 0, 0, 14, 6, 37
"c:\Users\dkreh\Desktop\KDT_RE_5th\5_Arduino\01_LED_05\01_LED_06.ino", "C++", 0, 0, 0, 0, 0, 0, 0, 0, 0, 24, 0, 0, 0, 0, 0, 0, 0, 0, 1, 8, 33
"c:\Users\dkreh\Desktop\KDT_RE_5th\5_Arduino\01_LED_06\01_LED_06.ino", "C++", 0, 0, 0, 0, 0, 0, 0, 0, 0, 17, 0, 0, 0, 0, 0, 0, 0, 0, 8, 8, 33
"c:\Users\dkreh\Desktop\KDT_RE_5th\5_Arduino\01_switch_02\01_switch_02.ino", "C++", 0, 0, 0, 0, 0, 0, 0, 0, 0, 10, 0, 0, 0, 0, 0, 0, 0, 0, 0, 6, 16
"c:\Users\dkreh\Desktop\KDT_RE_5th\5_Arduino\02_PMW_03\02_PMW_03.ino", "C++", 0, 0, 0, 0, 0, 0, 0, 0, 0, 18, 0, 0, 0, 0, 0, 0, 0, 0, 17, 4, 39
"c:\Users\dkreh\Desktop\KDT_RE_5th\5_Arduino\02_PWM_01\02_PWM_01.ino", "C++", 0, 0, 0, 0, 0, 0, 0, 0, 0, 15, 0, 0, 0, 0, 0, 0, 0, 0, 0, 3, 18
"c:\Users\dkreh\Desktop\KDT_RE_5th\5_Arduino\02_PWM_02\02_PWM_02.ino", "C++", 0, 0, 0, 0, 0, 0, 0, 0, 0, 16, 0, 0, 0, 0, 0, 0, 0, 0, 16, 4, 36
"c:\Users\dkreh\Desktop\KDT_RE_5th\5_Arduino\03_switch_01\03_switch_01.ino", "C++", 0, 0, 0, 0, 0, 0, 0, 0, 0, 10, 0, 0, 0, 0, 0, 0, 0, 0, 0, 4, 14
"c:\Users\dkreh\Desktop\KDT_RE_5th\5_Arduino\03_switch_02\03_switch_02.ino", "C++", 0, 0, 0, 0, 0, 0, 0, 0, 0, 26, 0, 0, 0, 0, 0, 0, 0, 0, 0, 4, 30
"c:\Users\dkreh\Desktop\KDT_RE_5th\5_Arduino\04_piezo_01\04_piezo_01.ino", "C++", 0, 0, 0, 0, 0, 0, 0, 0, 0, 9, 0, 0, 0, 0, 0, 0, 0, 0, 0, 3, 12
"c:\Users\dkreh\Desktop\KDT_RE_5th\5_Arduino\04_piezo_02\04_piezo_02.ino", "C++", 0, 0, 0, 0, 0, 0, 0, 0, 0, 20, 0, 0, 0, 0, 0, 0, 0, 0, 2, 7, 29
"c:\Users\dkreh\Desktop\KDT_RE_5th\5_Arduino\04_piezo_03\04_piezo_03.ino", "C++", 0, 0, 0, 0, 0, 0, 0, 0, 0, 18, 0, 0, 0, 0, 0, 0, 0, 0, 0, 3, 21
"c:\Users\dkreh\Desktop\KDT_RE_5th\5_Arduino\04_piezo_04\04_piezo_04.ino", "C++", 0, 0, 0, 0, 0, 0, 0, 0, 0, 39, 0, 0, 0, 0, 0, 0, 0, 0, 0, 11, 50
"c:\Users\dkreh\Desktop\KDT_RE_5th\5_Arduino\04_resistor_01\04_resister_01.ino", "C++", 0, 0, 0, 0, 0, 0, 0, 0, 0, 8, 0, 0, 0, 0, 0, 0, 0, 0, 0, 1, 9
"c:\Users\dkreh\Desktop\KDT_RE_5th\5_Arduino\04_resistor_02\04_resistor_02.ino", "C++", 0, 0, 0, 0, 0, 0, 0, 0, 0, 11, 0, 0, 0, 0, 0, 0, 0, 0, 6, 2, 19
"c:\Users\dkreh\Desktop\KDT_RE_5th\5_Arduino\05_light_01\05_light_01.ino", "C++", 0, 0, 0, 0, 0, 0, 0, 0, 0, 13, 0, 0, 0, 0, 0, 0, 0, 0, 0, 3, 16
"c:\Users\dkreh\Desktop\KDT_RE_5th\5_Arduino\06_DHT11_01\05_DHT11_01\05_DHT11_01.ino", "C++", 0, 0, 0, 0, 0, 0, 0, 0, 0, 25, 0, 0, 0, 0, 0, 0, 0, 0, 2, 6, 33
"c:\Users\dkreh\Desktop\KDT_RE_5th\5_Arduino\06_DHT22_01\06_DHT22_01.ino", "C++", 0, 0, 0, 0, 0, 0, 0, 0, 0, 25, 0, 0, 0, 0, 0, 0, 0, 0, 2, 5, 32
"c:\Users\dkreh\Desktop\KDT_RE_5th\5_Arduino\07_ultrasound_01\07_ultrasound_01.ino", "C++", 0, 0, 0, 0, 0, 0, 0, 0, 0, 17, 0, 0, 0, 0, 0, 0, 0, 0, 0, 7, 24
"c:\Users\dkreh\Desktop\KDT_RE_5th\5_Arduino\07_ultrasound_02\07_ultrasound_02.ino", "C++", 0, 0, 0, 0, 0, 0, 0, 0, 0, 27, 0, 0, 0, 0, 0, 0, 0, 0, 0, 10, 37
"c:\Users\dkreh\Desktop\KDT_RE_5th\5_Arduino\08_gas_01\08_gas_01.ino", "C++", 0, 0, 0, 0, 0, 0, 0, 0, 0, 25, 0, 0, 0, 0, 0, 0, 0, 0, 0, 11, 36
"c:\Users\dkreh\Desktop\KDT_RE_5th\5_Arduino\08_gas_02\08_gas_02.ino", "C++", 0, 0, 0, 0, 0, 0, 0, 0, 0, 28, 0, 0, 0, 0, 0, 0, 0, 0, 0, 10, 38
"c:\Users\dkreh\Desktop\KDT_RE_5th\5_Arduino\09_I2C_01\09_I2C_01.ino", "C++", 0, 0, 0, 0, 0, 0, 0, 0, 0, 44, 0, 0, 0, 0, 0, 0, 0, 0, 18, 13, 75
"c:\Users\dkreh\Desktop\KDT_RE_5th\5_Arduino\10_gyro_01\10_gyro_01.ino", "C++", 0, 0, 0, 0, 0, 0, 0, 0, 0, 46, 0, 0, 0, 0, 0, 0, 0, 0, 29, 11, 86
"c:\Users\dkreh\Desktop\KDT_RE_5th\5_Arduino\11_Motor_01\11_Motor_01.ino", "C++", 0, 0, 0, 0, 0, 0, 0, 0, 0, 14, 0, 0, 0, 0, 0, 0, 0, 0, 1, 8, 23
"c:\Users\dkreh\Desktop\KDT_RE_5th\5_Arduino\12_LCD_01\12_LCD_01.ino", "C++", 0, 0, 0, 0, 0, 0, 0, 0, 0, 16, 0, 0, 0, 0, 0, 0, 0, 0, 5, 6, 27
"c:\Users\dkreh\Desktop\KDT_RE_5th\5_Arduino\12_LCD_02\12_LCD_02.ino", "C++", 0, 0, 0, 0, 0, 0, 0, 0, 0, 21, 0, 0, 0, 0, 0, 0, 0, 0, 0, 7, 28
"c:\Users\dkreh\Desktop\KDT_RE_5th\5_Arduino\13_RFID_01\13_RFID_01.ino", "C++", 0, 0, 0, 0, 0, 0, 0, 0, 0, 29, 0, 0, 0, 0, 0, 0, 0, 0, 8, 8, 45
"c:\Users\dkreh\Desktop\KDT_RE_5th\5_Arduino\13_RFID_02\13_RFID_02.ino", "C++", 0, 0, 0, 0, 0, 0, 0, 0, 0, 58, 0, 0, 0, 0, 0, 0, 0, 0, 0, 15, 73
"c:\Users\dkreh\Desktop\KDT_RE_5th\5_Arduino\14_Solar_01\14_Solar_01.ino", "C++", 0, 0, 0, 0, 0, 0, 0, 0, 0, 52, 0, 0, 0, 0, 0, 0, 0, 0, 0, 13, 65
"c:\Users\dkreh\Desktop\KDT_RE_5th\5_Arduino\15_Serial_01\15_Serial_01.ino", "C++", 0, 0, 0, 0, 0, 0, 0, 0, 0, 15, 0, 0, 0, 0, 0, 0, 0, 0, 0, 4, 19
"c:\Users\dkreh\Desktop\KDT_RE_5th\5_Arduino\15_Serial_01\15_Serial_01.py", "Python", 0, 0, 0, 20, 0, 0, 0, 0, 0, 0, 0, 0, 0, 0, 0, 0, 0, 0, 1, 4, 25
"c:\Users\dkreh\Desktop\KDT_RE_5th\5_Arduino\15_Serial_01\15_Serial_02.html", "HTML", 0, 0, 0, 0, 0, 0, 0, 65, 0, 0, 0, 0, 0, 0, 0, 0, 0, 0, 0, 1, 66
"c:\Users\dkreh\Desktop\KDT_RE_5th\5_Arduino\15_Serial_01\15_Serial_02.py", "Python", 0, 0, 0, 27, 0, 0, 0, 0, 0, 0, 0, 0, 0, 0, 0, 0, 0, 0, 3, 8, 38
"c:\Users\dkreh\Desktop\KDT_RE_5th\5_Arduino\15_Serial_01\15_Serial_03.html", "HTML", 0, 0, 0, 0, 0, 0, 0, 53, 0, 0, 0, 0, 0, 0, 0, 0, 0, 0, 0, 4, 57
"c:\Users\dkreh\Desktop\KDT_RE_5th\5_Arduino\16_Wifi_01\16_Wifi_01.ino", "C++", 0, 0, 0, 0, 0, 0, 0, 0, 0, 15, 0, 0, 0, 0, 0, 0, 0, 0, 6, 4, 25
"c:\Users\dkreh\Desktop\KDT_RE_5th\5_Arduino\16_Wifi_02\16_Wifi_02.ino", "C++", 0, 0, 0, 0, 0, 0, 0, 0, 0, 15, 0, 0, 0, 0, 0, 0, 0, 0, 3, 6, 24
"c:\Users\dkreh\Desktop\KDT_RE_5th\5_Arduino\16_Wifi_02\16_Wifi_02.py", "Python", 0, 0, 0, 10, 0, 0, 0, 0, 0, 0, 0, 0, 0, 0, 0, 0, 0, 0, 0, 7, 17
"c:\Users\dkreh\Desktop\KDT_RE_5th\5_Arduino\16_Wifi_03\16_Wifi_03.ino", "C++", 0, 0, 0, 0, 0, 0, 0, 0, 0, 63, 0, 0, 0, 0, 0, 0, 0, 0, 8, 18, 89
"c:\Users\dkreh\Desktop\KDT_RE_5th\5_Arduino\16_Wifi_04\16_Wifi_04.ino", "C++", 0, 0, 0, 0, 0, 0, 0, 0, 0, 59, 0, 0, 0, 0, 0, 0, 0, 0, 8, 17, 84
"c:\Users\dkreh\Desktop\KDT_RE_5th\5_Arduino\libraries\Adafruit_BusIO\Adafruit_BusIO_Register.cpp", "C++", 0, 0, 0, 0, 0, 0, 0, 0, 0, 206, 0, 0, 0, 0, 0, 0, 0, 0, 146, 33, 385
"c:\Users\dkreh\Desktop\KDT_RE_5th\5_Arduino\libraries\Adafruit_BusIO\Adafruit_BusIO_Register.h", "C++", 0, 0, 0, 0, 0, 0, 0, 0, 0, 72, 0, 0, 0, 0, 0, 0, 0, 0, 26, 20, 118
"c:\Users\dkreh\Desktop\KDT_RE_5th\5_Arduino\libraries\Adafruit_BusIO\Adafruit_GenericDevice.cpp", "C++", 0, 0, 0, 0, 0, 0, 0, 0, 0, 41, 0, 0, 0, 0, 0, 0, 0, 0, 41, 9, 91
"c:\Users\dkreh\Desktop\KDT_RE_5th\5_Arduino\libraries\Adafruit_BusIO\Adafruit_GenericDevice.h", "C++", 0, 0, 0, 0, 0, 0, 0, 0, 0, 39, 0, 0, 0, 0, 0, 0, 0, 0, 8, 10, 57
"c:\Users\dkreh\Desktop\KDT_RE_5th\5_Arduino\libraries\Adafruit_BusIO\Adafruit_I2CDevice.cpp", "C++", 0, 0, 0, 0, 0, 0, 0, 0, 0, 212, 0, 0, 0, 0, 0, 0, 0, 0, 79, 30, 321
"c:\Users\dkreh\Desktop\KDT_RE_5th\5_Arduino\libraries\Adafruit_BusIO\Adafruit_I2CDevice.h", "C++", 0, 0, 0, 0, 0, 0, 0, 0, 0, 27, 0, 0, 0, 0, 0, 0, 0, 0, 3, 7, 37
"c:\Users\dkreh\Desktop\KDT_RE_5th\5_Arduino\libraries\Adafruit_BusIO\Adafruit_I2CRegister.h", "C++", 0, 0, 0, 0, 0, 0, 0, 0, 0, 7, 0, 0, 0, 0, 0, 0, 0, 0, 0, 4, 11
"c:\Users\dkreh\Desktop\KDT_RE_5th\5_Arduino\libraries\Adafruit_BusIO\Adafruit_SPIDevice.cpp", "C++", 0, 0, 0, 0, 0, 0, 0, 0, 0, 328, 0, 0, 0, 0, 0, 0, 0, 0, 126, 59, 513
"c:\Users\dkreh\Desktop\KDT_RE_5th\5_Arduino\libraries\Adafruit_BusIO\Adafruit_SPIDevice.h", "C++", 0, 0, 0, 0, 0, 0, 0, 0, 0, 110, 0, 0, 0, 0, 0, 0, 0, 0, 19, 21, 150
"c:\Users\dkreh\Desktop\KDT_RE_5th\5_Arduino\libraries\Adafruit_BusIO\CMakeLists.txt", "CMake", 0, 0, 0, 0, 0, 0, 0, 0, 0, 0, 0, 0, 0, 8, 0, 0, 0, 0, 0, 4, 12
"c:\Users\dkreh\Desktop\KDT_RE_5th\5_Arduino\libraries\Adafruit_BusIO\README.md", "Markdown", 0, 0, 4, 0, 0, 0, 0, 0, 0, 0, 0, 0, 0, 0, 0, 0, 0, 0, 0, 5, 9
"c:\Users\dkreh\Desktop\KDT_RE_5th\5_Arduino\libraries\Adafruit_BusIO\component.mk", "Makefile", 0, 0, 0, 0, 0, 0, 0, 0, 0, 0, 0, 0, 1, 0, 0, 0, 0, 0, 0, 1, 2
"c:\Users\dkreh\Desktop\KDT_RE_5th\5_Arduino\libraries\Adafruit_BusIO\examples\genericdevice_uartregtest\genericdevice_uartregtest.ino", "C++", 0, 0, 0, 0, 0, 0, 0, 0, 0, 167, 0, 0, 0, 0, 0, 0, 0, 0, 14, 38, 219
"c:\Users\dkreh\Desktop\KDT_RE_5th\5_Arduino\libraries\Adafruit_BusIO\examples\genericdevice_uarttest\genericdevice_uarttest.ino", "C++", 0, 0, 0, 0, 0, 0, 0, 0, 0, 60, 0, 0, 0, 0, 0, 0, 0, 0, 23, 15, 98
"c:\Users\dkreh\Desktop\KDT_RE_5th\5_Arduino\libraries\Adafruit_BusIO\examples\i2c_address_detect\i2c_address_detect.ino", "C++", 0, 0, 0, 0, 0, 0, 0, 0, 0, 18, 0, 0, 0, 0, 0, 0, 0, 0, 0, 5, 23
"c:\Users\dkreh\Desktop\KDT_RE_5th\5_Arduino\libraries\Adafruit_BusIO\examples\i2c_readwrite\i2c_readwrite.ino", "C++", 0, 0, 0, 0, 0, 0, 0, 0, 0, 37, 0, 0, 0, 0, 0, 0, 0, 0, 2, 7, 46
"c:\Users\dkreh\Desktop\KDT_RE_5th\5_Arduino\libraries\Adafruit_BusIO\examples\i2c_registers\i2c_registers.ino", "C++", 0, 0, 0, 0, 0, 0, 0, 0, 0, 35, 0, 0, 0, 0, 0, 0, 0, 0, 0, 8, 43
"c:\Users\dkreh\Desktop\KDT_RE_5th\5_Arduino\libraries\Adafruit_BusIO\examples\i2corspi_register\i2corspi_register.ino", "C++", 0, 0, 0, 0, 0, 0, 0, 0, 0, 31, 0, 0, 0, 0, 0, 0, 0, 0, 1, 9, 41
"c:\Users\dkreh\Desktop\KDT_RE_5th\5_Arduino\libraries\Adafruit_BusIO\examples\spi_modetest\spi_modetest.ino", "C++", 0, 0, 0, 0, 0, 0, 0, 0, 0, 29, 0, 0, 0, 0, 0, 0, 0, 0, 2, 4, 35
"c:\Users\dkreh\Desktop\KDT_RE_5th\5_Arduino\libraries\Adafruit_BusIO\examples\spi_readwrite\spi_readwrite.ino", "C++", 0, 0, 0, 0, 0, 0, 0, 0, 0, 34, 0, 0, 0, 0, 0, 0, 0, 0, 2, 8, 44
"c:\Users\dkreh\Desktop\KDT_RE_5th\5_Arduino\libraries\Adafruit_BusIO\examples\spi_register_bits\spi_register_bits.ino", "C++", 0, 0, 0, 0, 0, 0, 0, 0, 0, 188, 0, 0, 0, 0, 0, 0, 0, 0, 54, 27, 269
"c:\Users\dkreh\Desktop\KDT_RE_5th\5_Arduino\libraries\Adafruit_BusIO\examples\spi_registers\spi_registers.ino", "C++", 0, 0, 0, 0, 0, 0, 0, 0, 0, 32, 0, 0, 0, 0, 0, 0, 0, 0, 0, 9, 41
"c:\Users\dkreh\Desktop\KDT_RE_5th\5_Arduino\libraries\Adafruit_BusIO\library.properties", "Properties", 0, 0, 0, 0, 0, 0, 0, 0, 0, 0, 9, 0, 0, 0, 0, 0, 0, 0, 0, 1, 10
"c:\Users\dkreh\Desktop\KDT_RE_5th\5_Arduino\libraries\Adafruit_GFX_Library\Adafruit_GFX.cpp", "C++", 0, 0, 0, 0, 0, 0, 0, 0, 0, 1549, 0, 0, 0, 0, 0, 0, 0, 0, 1048, 215, 2812
"c:\Users\dkreh\Desktop\KDT_RE_5th\5_Arduino\libraries\Adafruit_GFX_Library\Adafruit_GFX.h", "C++", 0, 0, 0, 0, 0, 0, 0, 0, 0, 225, 0, 0, 0, 0, 0, 0, 0, 0, 139, 38, 402
"c:\Users\dkreh\Desktop\KDT_RE_5th\5_Arduino\libraries\Adafruit_GFX_Library\Adafruit_GrayOLED.cpp", "C++", 0, 0, 0, 0, 0, 0, 0, 0, 0, 178, 0, 0, 0, 0, 0, 0, 0, 0, 210, 35, 423
"c:\Users\dkreh\Desktop\KDT_RE_5th\5_Arduino\libraries\Adafruit_GFX_Library\Adafruit_GrayOLED.h", "C++", 0, 0, 0, 0, 0, 0, 0, 0, 0, 55, 0, 0, 0, 0, 0, 0, 0, 0, 31, 16, 102
"c:\Users\dkreh\Desktop\KDT_RE_5th\5_Arduino\libraries\Adafruit_GFX_Library\Adafruit_SPITFT.cpp", "C++", 0, 0, 0, 0, 0, 0, 0, 0, 0, 1749, 0, 0, 0, 0, 0, 0, 0, 0, 737, 136, 2622
"c:\Users\dkreh\Desktop\KDT_RE_5th\5_Arduino\libraries\Adafruit_GFX_Library\Adafruit_SPITFT.h", "C++", 0, 0, 0, 0, 0, 0, 0, 0, 0, 318, 0, 0, 0, 0, 0, 0, 0, 0, 179, 45, 542
"c:\Users\dkreh\Desktop\KDT_RE_5th\5_Arduino\libraries\Adafruit_GFX_Library\Adafruit_SPITFT_Macros.h", "C++", 0, 0, 0, 0, 0, 0, 0, 0, 0, 0, 0, 0, 0, 0, 0, 0, 0, 0, 5, 2, 7
"c:\Users\dkreh\Desktop\KDT_RE_5th\5_Arduino\libraries\Adafruit_GFX_Library\CMakeLists.txt", "CMake", 0, 0, 0, 0, 0, 0, 0, 0, 0, 0, 0, 0, 0, 8, 0, 0, 0, 0, 0, 4, 12
"c:\Users\dkreh\Desktop\KDT_RE_5th\5_Arduino\libraries\Adafruit_GFX_Library\Fonts\FreeMono12pt7b.h", "C++", 0, 0, 0, 0, 0, 0, 0, 0, 0, 224, 0, 0, 0, 0, 0, 0, 0, 0, 1, 5, 230
"c:\Users\dkreh\Desktop\KDT_RE_5th\5_Arduino\libraries\Adafruit_GFX_Library\Fonts\FreeMono18pt7b.h", "C++", 0, 0, 0, 0, 0, 0, 0, 0, 0, 360, 0, 0, 0, 0, 0, 0, 0, 0, 1, 5, 366
"c:\Users\dkreh\Desktop\KDT_RE_5th\5_Arduino\libraries\Adafruit_GFX_Library\Fonts\FreeMono24pt7b.h", "C++", 0, 0, 0, 0, 0, 0, 0, 0, 0, 574, 0, 0, 0, 0, 0, 0, 0, 0, 1, 5, 580
"c:\Users\dkreh\Desktop\KDT_RE_5th\5_Arduino\libraries\Adafruit_GFX_Library\Fonts\FreeMono9pt7b.h", "C++", 0, 0, 0, 0, 0, 0, 0, 0, 0, 173, 0, 0, 0, 0, 0, 0, 0, 0, 1, 5, 179
"c:\Users\dkreh\Desktop\KDT_RE_5th\5_Arduino\libraries\Adafruit_GFX_Library\Fonts\FreeMonoBold12pt7b.h", "C++", 0, 0, 0, 0, 0, 0, 0, 0, 0, 247, 0, 0, 0, 0, 0, 0, 0, 0, 1, 5, 253
"c:\Users\dkreh\Desktop\KDT_RE_5th\5_Arduino\libraries\Adafruit_GFX_Library\Fonts\FreeMonoBold18pt7b.h", "C++", 0, 0, 0, 0, 0, 0, 0, 0, 0, 420, 0, 0, 0, 0, 0, 0, 0, 0, 1, 5, 426
"c:\Users\dkreh\Desktop\KDT_RE_5th\5_Arduino\libraries\Adafruit_GFX_Library\Fonts\FreeMonoBold24pt7b.h", "C++", 0, 0, 0, 0, 0, 0, 0, 0, 0, 669, 0, 0, 0, 0, 0, 0, 0, 0, 1, 5, 675
"c:\Users\dkreh\Desktop\KDT_RE_5th\5_Arduino\libraries\Adafruit_GFX_Library\Fonts\FreeMonoBold9pt7b.h", "C++", 0, 0, 0, 0, 0, 0, 0, 0, 0, 186, 0, 0, 0, 0, 0, 0, 0, 0, 1, 5, 192
"c:\Users\dkreh\Desktop\KDT_RE_5th\5_Arduino\libraries\Adafruit_GFX_Library\Fonts\FreeMonoBoldOblique12pt7b.h", "C++", 0, 0, 0, 0, 0, 0, 0, 0, 0, 266, 0, 0, 0, 0, 0, 0, 0, 0, 1, 5, 272
"c:\Users\dkreh\Desktop\KDT_RE_5th\5_Arduino\libraries\Adafruit_GFX_Library\Fonts\FreeMonoBoldOblique18pt7b.h", "C++", 0, 0, 0, 0, 0, 0, 0, 0, 0, 457, 0, 0, 0, 0, 0, 0, 0, 0, 1, 5, 463
"c:\Users\dkreh\Desktop\KDT_RE_5th\5_Arduino\libraries\Adafruit_GFX_Library\Fonts\FreeMonoBoldOblique24pt7b.h", "C++", 0, 0, 0, 0, 0, 0, 0, 0, 0, 739, 0, 0, 0, 0, 0, 0, 0, 0, 1, 5, 745
"c:\Users\dkreh\Desktop\KDT_RE_5th\5_Arduino\libraries\Adafruit_GFX_Library\Fonts\FreeMonoBoldOblique9pt7b.h", "C++", 0, 0, 0, 0, 0, 0, 0, 0, 0, 200, 0, 0, 0, 0, 0, 0, 0, 0, 1, 5, 206
"c:\Users\dkreh\Desktop\KDT_RE_5th\5_Arduino\libraries\Adafruit_GFX_Library\Fonts\FreeMonoOblique12pt7b.h", "C++", 0, 0, 0, 0, 0, 0, 0, 0, 0, 245, 0, 0, 0, 0, 0, 0, 0, 0, 1, 5, 251
"c:\Users\dkreh\Desktop\KDT_RE_5th\5_Arduino\libraries\Adafruit_GFX_Library\Fonts\FreeMonoOblique18pt7b.h", "C++", 0, 0, 0, 0, 0, 0, 0, 0, 0, 395, 0, 0, 0, 0, 0, 0, 0, 0, 1, 5, 401
"c:\Users\dkreh\Desktop\KDT_RE_5th\5_Arduino\libraries\Adafruit_GFX_Library\Fonts\FreeMonoOblique24pt7b.h", "C++", 0, 0, 0, 0, 0, 0, 0, 0, 0, 640, 0, 0, 0, 0, 0, 0, 0, 0, 1, 5, 646
"c:\Users\dkreh\Desktop\KDT_RE_5th\5_Arduino\libraries\Adafruit_GFX_Library\Fonts\FreeMonoOblique9pt7b.h", "C++", 0, 0, 0, 0, 0, 0, 0, 0, 0, 184, 0, 0, 0, 0, 0, 0, 0, 0, 1, 5, 190
"c:\Users\dkreh\Desktop\KDT_RE_5th\5_Arduino\libraries\Adafruit_GFX_Library\Fonts\FreeSans12pt7b.h", "C++", 0, 0, 0, 0, 0, 0, 0, 0, 0, 267, 0, 0, 0, 0, 0, 0, 0, 0, 1, 5, 273
"c:\Users\dkreh\Desktop\KDT_RE_5th\5_Arduino\libraries\Adafruit_GFX_Library\Fonts\FreeSans18pt7b.h", "C++", 0, 0, 0, 0, 0, 0, 0, 0, 0, 449, 0, 0, 0, 0, 0, 0, 0, 0, 1, 5, 455
"c:\Users\dkreh\Desktop\KDT_RE_5th\5_Arduino\libraries\Adafruit_GFX_Library\Fonts\FreeSans24pt7b.h", "C++", 0, 0, 0, 0, 0, 0, 0, 0, 0, 724, 0, 0, 0, 0, 0, 0, 0, 0, 1, 5, 730
"c:\Users\dkreh\Desktop\KDT_RE_5th\5_Arduino\libraries\Adafruit_GFX_Library\Fonts\FreeSans9pt7b.h", "C++", 0, 0, 0, 0, 0, 0, 0, 0, 0, 198, 0, 0, 0, 0, 0, 0, 0, 0, 1, 5, 204
"c:\Users\dkreh\Desktop\KDT_RE_5th\5_Arduino\libraries\Adafruit_GFX_Library\Fonts\FreeSansBold12pt7b.h", "C++", 0, 0, 0, 0, 0, 0, 0, 0, 0, 285, 0, 0, 0, 0, 0, 0, 0, 0, 1, 5, 291
"c:\Users\dkreh\Desktop\KDT_RE_5th\5_Arduino\libraries\Adafruit_GFX_Library\Fonts\FreeSansBold18pt7b.h", "C++", 0, 0, 0, 0, 0, 0, 0, 0, 0, 478, 0, 0, 0, 0, 0, 0, 0, 0, 1, 5, 484
"c:\Users\dkreh\Desktop\KDT_RE_5th\5_Arduino\libraries\Adafruit_GFX_Library\Fonts\FreeSansBold24pt7b.h", "C++", 0, 0, 0, 0, 0, 0, 0, 0, 0, 781, 0, 0, 0, 0, 0, 0, 0, 0, 1, 5, 787
"c:\Users\dkreh\Desktop\KDT_RE_5th\5_Arduino\libraries\Adafruit_GFX_Library\Fonts\FreeSansBold9pt7b.h", "C++", 0, 0, 0, 0, 0, 0, 0, 0, 0, 205, 0, 0, 0, 0, 0, 0, 0, 0, 1, 5, 211
"c:\Users\dkreh\Desktop\KDT_RE_5th\5_Arduino\libraries\Adafruit_GFX_Library\Fonts\FreeSansBoldOblique12pt7b.h", "C++", 0, 0, 0, 0, 0, 0, 0, 0, 0, 314, 0, 0, 0, 0, 0, 0, 0, 0, 1, 5, 320
"c:\Users\dkreh\Desktop\KDT_RE_5th\5_Arduino\libraries\Adafruit_GFX_Library\Fonts\FreeSansBoldOblique18pt7b.h", "C++", 0, 0, 0, 0, 0, 0, 0, 0, 0, 542, 0, 0, 0, 0, 0, 0, 0, 0, 1, 5, 548
"c:\Users\dkreh\Desktop\KDT_RE_5th\5_Arduino\libraries\Adafruit_GFX_Library\Fonts\FreeSansBoldOblique24pt7b.h", "C++", 0, 0, 0, 0, 0, 0, 0, 0, 0, 890, 0, 0, 0, 0, 0, 0, 0, 0, 1, 5, 896
"c:\Users\dkreh\Desktop\KDT_RE_5th\5_Arduino\libraries\Adafruit_GFX_Library\Fonts\FreeSansBoldOblique9pt7b.h", "C++", 0, 0, 0, 0, 0, 0, 0, 0, 0, 224, 0, 0, 0, 0, 0, 0, 0, 0, 1, 5, 230
"c:\Users\dkreh\Desktop\KDT_RE_5th\5_Arduino\libraries\Adafruit_GFX_Library\Fonts\FreeSansOblique12pt7b.h", "C++", 0, 0, 0, 0, 0, 0, 0, 0, 0, 299, 0, 0, 0, 0, 0, 0, 0, 0, 1, 5, 305
"c:\Users\dkreh\Desktop\KDT_RE_5th\5_Arduino\libraries\Adafruit_GFX_Library\Fonts\FreeSansOblique18pt7b.h", "C++", 0, 0, 0, 0, 0, 0, 0, 0, 0, 515, 0, 0, 0, 0, 0, 0, 0, 0, 1, 5, 521
"c:\Users\dkreh\Desktop\KDT_RE_5th\5_Arduino\libraries\Adafruit_GFX_Library\Fonts\FreeSansOblique24pt7b.h", "C++", 0, 0, 0, 0, 0, 0, 0, 0, 0, 837, 0, 0, 0, 0, 0, 0, 0, 0, 1, 5, 843
"c:\Users\dkreh\Desktop\KDT_RE_5th\5_Arduino\libraries\Adafruit_GFX_Library\Fonts\FreeSansOblique9pt7b.h", "C++", 0, 0, 0, 0, 0, 0, 0, 0, 0, 217, 0, 0, 0, 0, 0, 0, 0, 0, 1, 5, 223
"c:\Users\dkreh\Desktop\KDT_RE_5th\5_Arduino\libraries\Adafruit_GFX_Library\Fonts\FreeSerif12pt7b.h", "C++", 0, 0, 0, 0, 0, 0, 0, 0, 0, 256, 0, 0, 0, 0, 0, 0, 0, 0, 1, 5, 262
"c:\Users\dkreh\Desktop\KDT_RE_5th\5_Arduino\libraries\Adafruit_GFX_Library\Fonts\FreeSerif18pt7b.h", "C++", 0, 0, 0, 0, 0, 0, 0, 0, 0, 426, 0, 0, 0, 0, 0, 0, 0, 0, 1, 5, 432
"c:\Users\dkreh\Desktop\KDT_RE_5th\5_Arduino\libraries\Adafruit_GFX_Library\Fonts\FreeSerif24pt7b.h", "C++", 0, 0, 0, 0, 0, 0, 0, 0, 0, 687, 0, 0, 0, 0, 0, 0, 0, 0, 1, 5, 693
"c:\Users\dkreh\Desktop\KDT_RE_5th\5_Arduino\libraries\Adafruit_GFX_Library\Fonts\FreeSerif9pt7b.h", "C++", 0, 0, 0, 0, 0, 0, 0, 0, 0, 192, 0, 0, 0, 0, 0, 0, 0, 0, 1, 5, 198
"c:\Users\dkreh\Desktop\KDT_RE_5th\5_Arduino\libraries\Adafruit_GFX_Library\Fonts\FreeSerifBold12pt7b.h", "C++", 0, 0, 0, 0, 0, 0, 0, 0, 0, 268, 0, 0, 0, 0, 0, 0, 0, 0, 1, 5, 274
"c:\Users\dkreh\Desktop\KDT_RE_5th\5_Arduino\libraries\Adafruit_GFX_Library\Fonts\FreeSerifBold18pt7b.h", "C++", 0, 0, 0, 0, 0, 0, 0, 0, 0, 459, 0, 0, 0, 0, 0, 0, 0, 0, 1, 5, 465
"c:\Users\dkreh\Desktop\KDT_RE_5th\5_Arduino\libraries\Adafruit_GFX_Library\Fonts\FreeSerifBold24pt7b.h", "C++", 0, 0, 0, 0, 0, 0, 0, 0, 0, 756, 0, 0, 0, 0, 0, 0, 0, 0, 1, 5, 762
"c:\Users\dkreh\Desktop\KDT_RE_5th\5_Arduino\libraries\Adafruit_GFX_Library\Fonts\FreeSerifBold9pt7b.h", "C++", 0, 0, 0, 0, 0, 0, 0, 0, 0, 199, 0, 0, 0, 0, 0, 0, 0, 0, 1, 5, 205
"c:\Users\dkreh\Desktop\KDT_RE_5th\5_Arduino\libraries\Adafruit_GFX_Library\Fonts\FreeSerifBoldItalic12pt7b.h", "C++", 0, 0, 0, 0, 0, 0, 0, 0, 0, 289, 0, 0, 0, 0, 0, 0, 0, 0, 1, 5, 295
"c:\Users\dkreh\Desktop\KDT_RE_5th\5_Arduino\libraries\Adafruit_GFX_Library\Fonts\FreeSerifBoldItalic18pt7b.h", "C++", 0, 0, 0, 0, 0, 0, 0, 0, 0, 497, 0, 0, 0, 0, 0, 0, 0, 0, 1, 5, 503
"c:\Users\dkreh\Desktop\KDT_RE_5th\5_Arduino\libraries\Adafruit_GFX_Library\Fonts\FreeSerifBoldItalic24pt7b.h", "C++", 0, 0, 0, 0, 0, 0, 0, 0, 0, 790, 0, 0, 0, 0, 0, 0, 0, 0, 1, 5, 796
"c:\Users\dkreh\Desktop\KDT_RE_5th\5_Arduino\libraries\Adafruit_GFX_Library\Fonts\FreeSerifBoldItalic9pt7b.h", "C++", 0, 0, 0, 0, 0, 0, 0, 0, 0, 212, 0, 0, 0, 0, 0, 0, 0, 0, 1, 5, 218
"c:\Users\dkreh\Desktop\KDT_RE_5th\5_Arduino\libraries\Adafruit_GFX_Library\Fonts\FreeSerifItalic12pt7b.h", "C++", 0, 0, 0, 0, 0, 0, 0, 0, 0, 268, 0, 0, 0, 0, 0, 0, 0, 0, 1, 5, 274
"c:\Users\dkreh\Desktop\KDT_RE_5th\5_Arduino\libraries\Adafruit_GFX_Library\Fonts\FreeSerifItalic18pt7b.h", "C++", 0, 0, 0, 0, 0, 0, 0, 0, 0, 447, 0, 0, 0, 0, 0, 0, 0, 0, 1, 5, 453
"c:\Users\dkreh\Desktop\KDT_RE_5th\5_Arduino\libraries\Adafruit_GFX_Library\Fonts\FreeSerifItalic24pt7b.h", "C++", 0, 0, 0, 0, 0, 0, 0, 0, 0, 734, 0, 0, 0, 0, 0, 0, 0, 0, 1, 5, 740
"c:\Users\dkreh\Desktop\KDT_RE_5th\5_Arduino\libraries\Adafruit_GFX_Library\Fonts\FreeSerifItalic9pt7b.h", "C++", 0, 0, 0, 0, 0, 0, 0, 0, 0, 199, 0, 0, 0, 0, 0, 0, 0, 0, 1, 5, 205
"c:\Users\dkreh\Desktop\KDT_RE_5th\5_Arduino\libraries\Adafruit_GFX_Library\Fonts\Org_01.h", "C++", 0, 0, 0, 0, 0, 0, 0, 0, 0, 123, 0, 0, 0, 0, 0, 0, 0, 0, 3, 6, 132
"c:\Users\dkreh\Desktop\KDT_RE_5th\5_Arduino\libraries\Adafruit_GFX_Library\Fonts\Picopixel.h", "C++", 0, 0, 0, 0, 0, 0, 0, 0, 0, 115, 0, 0, 0, 0, 0, 0, 0, 0, 3, 6, 124
"c:\Users\dkreh\Desktop\KDT_RE_5th\5_Arduino\libraries\Adafruit_GFX_Library\Fonts\Tiny3x3a2pt7b.h", "C++", 0, 0, 0, 0, 0, 0, 0, 0, 0, 114, 0, 0, 0, 0, 0, 0, 0, 0, 14, 6, 134
"c:\Users\dkreh\Desktop\KDT_RE_5th\5_Arduino\libraries\Adafruit_GFX_Library\Fonts\TomThumb.h", "C++", 0, 0, 0, 0, 0, 0, 0, 0, 0, 421, 0, 0, 0, 0, 0, 0, 0, 0, 51, 6, 478
"c:\Users\dkreh\Desktop\KDT_RE_5th\5_Arduino\libraries\Adafruit_GFX_Library\README.md", "Markdown", 0, 0, 25, 0, 0, 0, 0, 0, 0, 0, 0, 0, 0, 0, 0, 0, 0, 0, 0, 23, 48
"c:\Users\dkreh\Desktop\KDT_RE_5th\5_Arduino\libraries\Adafruit_GFX_Library\component.mk", "Makefile", 0, 0, 0, 0, 0, 0, 0, 0, 0, 0, 0, 0, 1, 0, 0, 0, 0, 0, 0, 1, 2
"c:\Users\dkreh\Desktop\KDT_RE_5th\5_Arduino\libraries\Adafruit_GFX_Library\examples\GFXcanvas\GFXcanvas.ino", "C++", 0, 0, 0, 0, 0, 0, 0, 0, 0, 68, 0, 0, 0, 0, 0, 0, 0, 0, 27, 19, 114
"c:\Users\dkreh\Desktop\KDT_RE_5th\5_Arduino\libraries\Adafruit_GFX_Library\examples\GFXcanvas\GFXcanvasSerialDemo.cpp", "C++", 0, 0, 0, 0, 0, 0, 0, 0, 0, 80, 0, 0, 0, 0, 0, 0, 0, 0, 0, 13, 93
"c:\Users\dkreh\Desktop\KDT_RE_5th\5_Arduino\libraries\Adafruit_GFX_Library\examples\GFXcanvas\GFXcanvasSerialDemo.h", "C++", 0, 0, 0, 0, 0, 0, 0, 0, 0, 19, 0, 0, 0, 0, 0, 0, 0, 0, 39, 8, 66
"c:\Users\dkreh\Desktop\KDT_RE_5th\5_Arduino\libraries\Adafruit_GFX_Library\examples\mock_ili9341\mock_ili9341.ino", "C++", 0, 0, 0, 0, 0, 0, 0, 0, 0, 281, 0, 0, 0, 0, 0, 0, 0, 0, 22, 63, 366
"c:\Users\dkreh\Desktop\KDT_RE_5th\5_Arduino\libraries\Adafruit_GFX_Library\fontconvert\Makefile", "Makefile", 0, 0, 0, 0, 0, 0, 0, 0, 0, 0, 0, 0, 9, 0, 0, 0, 0, 0, 0, 4, 13
"c:\Users\dkreh\Desktop\KDT_RE_5th\5_Arduino\libraries\Adafruit_GFX_Library\fontconvert\bdf2adafruit.py", "Python", 0, 0, 0, 83, 0, 0, 0, 0, 0, 0, 0, 0, 0, 0, 0, 0, 0, 0, 37, 16, 136
"c:\Users\dkreh\Desktop\KDT_RE_5th\5_Arduino\libraries\Adafruit_GFX_Library\fontconvert\fontconvert.c", "C", 0, 0, 0, 0, 0, 0, 0, 0, 0, 0, 0, 0, 0, 0, 157, 0, 0, 0, 101, 34, 292
"c:\Users\dkreh\Desktop\KDT_RE_5th\5_Arduino\libraries\Adafruit_GFX_Library\fontconvert\fontconvert_win.md", "Markdown", 0, 0, 72, 0, 0, 0, 0, 0, 0, 0, 0, 0, 0, 0, 0, 0, 0, 0, 0, 17, 89
"c:\Users\dkreh\Desktop\KDT_RE_5th\5_Arduino\libraries\Adafruit_GFX_Library\fontconvert\makefonts.sh", "Shell Script", 0, 0, 0, 0, 0, 0, 0, 0, 0, 0, 0, 0, 0, 0, 0, 22, 0, 0, 12, 5, 39
"c:\Users\dkreh\Desktop\KDT_RE_5th\5_Arduino\libraries\Adafruit_GFX_Library\gfxfont.h", "C++", 0, 0, 0, 0, 0, 0, 0, 0, 0, 18, 0, 0, 0, 0, 0, 0, 0, 0, 7, 5, 30
"c:\Users\dkreh\Desktop\KDT_RE_5th\5_Arduino\libraries\Adafruit_GFX_Library\glcdfont.c", "C", 0, 0, 0, 0, 0, 0, 0, 0, 0, 0, 0, 0, 0, 0, 131, 0, 0, 0, 6, 7, 144
"c:\Users\dkreh\Desktop\KDT_RE_5th\5_Arduino\libraries\Adafruit_GFX_Library\library.properties", "Properties", 0, 0, 0, 0, 0, 0, 0, 0, 0, 0, 10, 0, 0, 0, 0, 0, 0, 0, 0, 1, 11
"c:\Users\dkreh\Desktop\KDT_RE_5th\5_Arduino\libraries\Adafruit_INA219\Adafruit_INA219.cpp", "C++", 0, 0, 0, 0, 0, 0, 0, 0, 0, 132, 0, 0, 0, 0, 0, 0, 0, 0, 286, 69, 487
"c:\Users\dkreh\Desktop\KDT_RE_5th\5_Arduino\libraries\Adafruit_INA219\Adafruit_INA219.h", "C++", 0, 0, 0, 0, 0, 0, 0, 0, 0, 113, 0, 0, 0, 0, 0, 0, 0, 0, 55, 31, 199
"c:\Users\dkreh\Desktop\KDT_RE_5th\5_Arduino\libraries\Adafruit_INA219\README.md", "Markdown", 0, 0, 10, 0, 0, 0, 0, 0, 0, 0, 0, 0, 0, 0, 0, 0, 0, 0, 0, 7, 17
"c:\Users\dkreh\Desktop\KDT_RE_5th\5_Arduino\libraries\Adafruit_INA219\code-of-conduct.md", "Markdown", 0, 0, 99, 0, 0, 0, 0, 0, 0, 0, 0, 0, 0, 0, 0, 0, 0, 0, 0, 29, 128
"c:\Users\dkreh\Desktop\KDT_RE_5th\5_Arduino\libraries\Adafruit_INA219\examples\getcurrent\getcurrent.ino", "C++", 0, 0, 0, 0, 0, 0, 0, 0, 0, 36, 0, 0, 0, 0, 0, 0, 0, 0, 8, 11, 55
"c:\Users\dkreh\Desktop\KDT_RE_5th\5_Arduino\libraries\Adafruit_INA219\examples\ina_poweroled\ina_poweroled.ino", "C++", 0, 0, 0, 0, 0, 0, 0, 0, 0, 169, 0, 0, 0, 0, 0, 0, 0, 0, 49, 45, 263
"c:\Users\dkreh\Desktop\KDT_RE_5th\5_Arduino\libraries\Adafruit_INA219\library.properties", "Properties", 0, 0, 0, 0, 0, 0, 0, 0, 0, 0, 10, 0, 0, 0, 0, 0, 0, 0, 0, 1, 11
"c:\Users\dkreh\Desktop\KDT_RE_5th\5_Arduino\libraries\Adafruit_INA3221_Library\Adafruit_INA3221.cpp", "C++", 0, 0, 0, 0, 0, 0, 0, 0, 0, 265, 0, 0, 0, 0, 0, 0, 0, 0, 282, 79, 626
"c:\Users\dkreh\Desktop\KDT_RE_5th\5_Arduino\libraries\Adafruit_INA3221_Library\Adafruit_INA3221.h", "C++", 0, 0, 0, 0, 0, 0, 0, 0, 0, 110, 0, 0, 0, 0, 0, 0, 0, 0, 20, 15, 145
"c:\Users\dkreh\Desktop\KDT_RE_5th\5_Arduino\libraries\Adafruit_INA3221_Library\README.md", "Markdown", 0, 0, 9, 0, 0, 0, 0, 0, 0, 0, 0, 0, 0, 0, 0, 0, 0, 0, 0, 9, 18
"c:\Users\dkreh\Desktop\KDT_RE_5th\5_Arduino\libraries\Adafruit_INA3221_Library\code-of-conduct.md", "Markdown", 0, 0, 99, 0, 0, 0, 0, 0, 0, 0, 0, 0, 0, 0, 0, 0, 0, 0, 0, 29, 128
"c:\Users\dkreh\Desktop\KDT_RE_5th\5_Arduino\libraries\Adafruit_INA3221_Library\examples\INA3221_TCtest\INA3221_TCtest.ino", "C++", 0, 0, 0, 0, 0, 0, 0, 0, 0, 23, 0, 0, 0, 0, 0, 0, 0, 0, 6, 10, 39
"c:\Users\dkreh\Desktop\KDT_RE_5th\5_Arduino\libraries\Adafruit_INA3221_Library\examples\INA3221_basictest\INA3221_basictest.ino", "C++", 0, 0, 0, 0, 0, 0, 0, 0, 0, 35, 0, 0, 0, 0, 0, 0, 0, 0, 7, 11, 53
"c:\Users\dkreh\Desktop\KDT_RE_5th\5_Arduino\libraries\Adafruit_INA3221_Library\examples\INA3221_critcaltest\INA3221_critcaltest.ino", "C++", 0, 0, 0, 0, 0, 0, 0, 0, 0, 54, 0, 0, 0, 0, 0, 0, 0, 0, 5, 14, 73
"c:\Users\dkreh\Desktop\KDT_RE_5th\5_Arduino\libraries\Adafruit_INA3221_Library\examples\INA3221_powervalidtest\INA3221_powervalidtest.ino", "C++", 0, 0, 0, 0, 0, 0, 0, 0, 0, 21, 0, 0, 0, 0, 0, 0, 0, 0, 10, 11, 42
"c:\Users\dkreh\Desktop\KDT_RE_5th\5_Arduino\libraries\Adafruit_INA3221_Library\examples\INA3221_warningtest\INA3221_warningtest.ino", "C++", 0, 0, 0, 0, 0, 0, 0, 0, 0, 56, 0, 0, 0, 0, 0, 0, 0, 0, 5, 14, 75
"c:\Users\dkreh\Desktop\KDT_RE_5th\5_Arduino\libraries\Adafruit_INA3221_Library\library.properties", "Properties", 0, 0, 0, 0, 0, 0, 0, 0, 0, 0, 10, 0, 0, 0, 0, 0, 0, 0, 0, 1, 11
"c:\Users\dkreh\Desktop\KDT_RE_5th\5_Arduino\libraries\Adafruit_NeoPixel\Adafruit_NeoPixel.cpp", "C++", 0, 0, 0, 0, 0, 0, 0, 0, 0, 2844, 0, 0, 0, 0, 0, 0, 0, 0, 632, 312, 3788
"c:\Users\dkreh\Desktop\KDT_RE_5th\5_Arduino\libraries\Adafruit_NeoPixel\Adafruit_NeoPixel.h", "C++", 0, 0, 0, 0, 0, 0, 0, 0, 0, 183, 0, 0, 0, 0, 0, 0, 0, 0, 206, 34, 423
"c:\Users\dkreh\Desktop\KDT_RE_5th\5_Arduino\libraries\Adafruit_NeoPixel\Adafruit_Neopixel_RP2.cpp", "C++", 0, 0, 0, 0, 0, 0, 0, 0, 0, 33, 0, 0, 0, 0, 0, 0, 0, 0, 7, 12, 52
"c:\Users\dkreh\Desktop\KDT_RE_5th\5_Arduino\libraries\Adafruit_NeoPixel\CONTRIBUTING.md", "Markdown", 0, 0, 7, 0, 0, 0, 0, 0, 0, 0, 0, 0, 0, 0, 0, 0, 0, 0, 0, 7, 14
"c:\Users\dkreh\Desktop\KDT_RE_5th\5_Arduino\libraries\Adafruit_NeoPixel\README.md", "Markdown", 0, 0, 115, 0, 0, 0, 0, 0, 0, 0, 0, 0, 0, 0, 0, 0, 0, 0, 0, 48, 163
"c:\Users\dkreh\Desktop\KDT_RE_5th\5_Arduino\libraries\Adafruit_NeoPixel\esp.c", "C", 0, 0, 0, 0, 0, 0, 0, 0, 0, 0, 0, 0, 0, 0, 194, 0, 0, 0, 44, 41, 279
"c:\Users\dkreh\Desktop\KDT_RE_5th\5_Arduino\libraries\Adafruit_NeoPixel\esp8266.c", "C", 0, 0, 0, 0, 0, 0, 0, 0, 0, 0, 0, 0, 0, 0, 72, 0, 0, 0, 3, 12, 87
"c:\Users\dkreh\Desktop\KDT_RE_5th\5_Arduino\libraries\Adafruit_NeoPixel\examples\RGBWstrandtest\RGBWstrandtest.ino", "C++", 0, 0, 0, 0, 0, 0, 0, 0, 0, 108, 0, 0, 0, 0, 0, 0, 0, 0, 39, 31, 178
"c:\Users\dkreh\Desktop\KDT_RE_5th\5_Arduino\libraries\Adafruit_NeoPixel\examples\StrandtestArduinoBLECallback\StrandtestArduinoBLECallback.ino", "C++", 0, 0, 0, 0, 0, 0, 0, 0, 0, 136, 0, 0, 0, 0, 0, 0, 0, 0, 76, 28, 240
"c:\Users\dkreh\Desktop\KDT_RE_5th\5_Arduino\libraries\Adafruit_NeoPixel\examples\StrandtestArduinoBLE\StrandtestArduinoBLE.ino", "C++", 0, 0, 0, 0, 0, 0, 0, 0, 0, 130, 0, 0, 0, 0, 0, 0, 0, 0, 75, 27, 232
"c:\Users\dkreh\Desktop\KDT_RE_5th\5_Arduino\libraries\Adafruit_NeoPixel\examples\StrandtestBLE\BLESerial.cpp", "C++", 0, 0, 0, 0, 0, 0, 0, 0, 0, 117, 0, 0, 0, 0, 0, 0, 0, 0, 1, 16, 134
"c:\Users\dkreh\Desktop\KDT_RE_5th\5_Arduino\libraries\Adafruit_NeoPixel\examples\StrandtestBLE\BLESerial.h", "C++", 0, 0, 0, 0, 0, 0, 0, 0, 0, 37, 0, 0, 0, 0, 0, 0, 0, 0, 0, 10, 47
"c:\Users\dkreh\Desktop\KDT_RE_5th\5_Arduino\libraries\Adafruit_NeoPixel\examples\StrandtestBLE\StrandtestBLE.ino", "C++", 0, 0, 0, 0, 0, 0, 0, 0, 0, 109, 0, 0, 0, 0, 0, 0, 0, 0, 68, 16, 193
"c:\Users\dkreh\Desktop\KDT_RE_5th\5_Arduino\libraries\Adafruit_NeoPixel\examples\StrandtestBLE_nodelay\BLESerial.cpp", "C++", 0, 0, 0, 0, 0, 0, 0, 0, 0, 117, 0, 0, 0, 0, 0, 0, 0, 0, 1, 16, 134
"c:\Users\dkreh\Desktop\KDT_RE_5th\5_Arduino\libraries\Adafruit_NeoPixel\examples\StrandtestBLE_nodelay\BLESerial.h", "C++", 0, 0, 0, 0, 0, 0, 0, 0, 0, 37, 0, 0, 0, 0, 0, 0, 0, 0, 0, 10, 47
"c:\Users\dkreh\Desktop\KDT_RE_5th\5_Arduino\libraries\Adafruit_NeoPixel\examples\StrandtestBLE_nodelay\StrandtestBLE_nodelay.ino", "C++", 0, 0, 0, 0, 0, 0, 0, 0, 0, 127, 0, 0, 0, 0, 0, 0, 0, 0, 54, 18, 199
"c:\Users\dkreh\Desktop\KDT_RE_5th\5_Arduino\libraries\Adafruit_NeoPixel\examples\buttoncycler\buttoncycler.ino", "C++", 0, 0, 0, 0, 0, 0, 0, 0, 0, 100, 0, 0, 0, 0, 0, 0, 0, 0, 50, 15, 165
"c:\Users\dkreh\Desktop\KDT_RE_5th\5_Arduino\libraries\Adafruit_NeoPixel\examples\simple\simple.ino", "C++", 0, 0, 0, 0, 0, 0, 0, 0, 0, 22, 0, 0, 0, 0, 0, 0, 0, 0, 16, 13, 51
"c:\Users\dkreh\Desktop\KDT_RE_5th\5_Arduino\libraries\Adafruit_NeoPixel\examples\simple_new_operator\simple_new_operator.ino", "C++", 0, 0, 0, 0, 0, 0, 0, 0, 0, 24, 0, 0, 0, 0, 0, 0, 0, 0, 28, 16, 68
"c:\Users\dkreh\Desktop\KDT_RE_5th\5_Arduino\libraries\Adafruit_NeoPixel\examples\strandtest\strandtest.ino", "C++", 0, 0, 0, 0, 0, 0, 0, 0, 0, 67, 0, 0, 0, 0, 0, 0, 0, 0, 56, 21, 144
"c:\Users\dkreh\Desktop\KDT_RE_5th\5_Arduino\libraries\Adafruit_NeoPixel\examples\strandtest_nodelay\strandtest_nodelay.ino", "C++", 0, 0, 0, 0, 0, 0, 0, 0, 0, 137, 0, 0, 0, 0, 0, 0, 0, 0, 41, 23, 201
"c:\Users\dkreh\Desktop\KDT_RE_5th\5_Arduino\libraries\Adafruit_NeoPixel\examples\strandtest_wheel\strandtest_wheel.ino", "C++", 0, 0, 0, 0, 0, 0, 0, 0, 0, 92, 0, 0, 0, 0, 0, 0, 0, 0, 23, 20, 135
"c:\Users\dkreh\Desktop\KDT_RE_5th\5_Arduino\libraries\Adafruit_NeoPixel\kendyte_k210.c", "C", 0, 0, 0, 0, 0, 0, 0, 0, 0, 0, 0, 0, 0, 0, 61, 0, 0, 0, 3, 11, 75
"c:\Users\dkreh\Desktop\KDT_RE_5th\5_Arduino\libraries\Adafruit_NeoPixel\library.properties", "Properties", 0, 0, 0, 0, 0, 0, 0, 0, 0, 0, 10, 0, 0, 0, 0, 0, 0, 0, 0, 1, 11
"c:\Users\dkreh\Desktop\KDT_RE_5th\5_Arduino\libraries\Adafruit_NeoPixel\psoc6.c", "C", 0, 0, 0, 0, 0, 0, 0, 0, 0, 0, 0, 0, 0, 0, 81, 0, 0, 0, 4, 2, 87
"c:\Users\dkreh\Desktop\KDT_RE_5th\5_Arduino\libraries\Adafruit_NeoPixel\rp2040_pio.h", "C++", 0, 0, 0, 0, 0, 0, 0, 0, 0, 43, 0, 0, 0, 0, 0, 0, 0, 0, 10, 11, 64
"c:\Users\dkreh\Desktop\KDT_RE_5th\5_Arduino\libraries\Adafruit_SSD1306\Adafruit_SSD1306.cpp", "C++", 0, 0, 0, 0, 0, 0, 0, 0, 0, 622, 0, 0, 0, 0, 0, 0, 0, 0, 503, 75, 1200
"c:\Users\dkreh\Desktop\KDT_RE_5th\5_Arduino\libraries\Adafruit_SSD1306\Adafruit_SSD1306.h", "C++", 0, 0, 0, 0, 0, 0, 0, 0, 0, 141, 0, 0, 0, 0, 0, 0, 0, 0, 47, 21, 209
"c:\Users\dkreh\Desktop\KDT_RE_5th\5_Arduino\libraries\Adafruit_SSD1306\CMakeLists.txt", "CMake", 0, 0, 0, 0, 0, 0, 0, 0, 0, 0, 0, 0, 0, 8, 0, 0, 0, 0, 0, 4, 12
"c:\Users\dkreh\Desktop\KDT_RE_5th\5_Arduino\libraries\Adafruit_SSD1306\README.md", "Markdown", 0, 0, 53, 0, 0, 0, 0, 0, 0, 0, 0, 0, 0, 0, 0, 0, 0, 0, 2, 16, 71
"c:\Users\dkreh\Desktop\KDT_RE_5th\5_Arduino\libraries\Adafruit_SSD1306\component.mk", "Makefile", 0, 0, 0, 0, 0, 0, 0, 0, 0, 0, 0, 0, 1, 0, 0, 0, 0, 0, 0, 1, 2
"c:\Users\dkreh\Desktop\KDT_RE_5th\5_Arduino\libraries\Adafruit_SSD1306\examples\OLED_featherwing\OLED_featherwing.ino", "C++", 0, 0, 0, 0, 0, 0, 0, 0, 0, 77, 0, 0, 0, 0, 0, 0, 0, 0, 8, 12, 97
"c:\Users\dkreh\Desktop\KDT_RE_5th\5_Arduino\libraries\Adafruit_SSD1306\examples\ssd1306_128x32_i2c\ssd1306_128x32_i2c.ino", "C++", 0, 0, 0, 0, 0, 0, 0, 0, 0, 286, 0, 0, 0, 0, 0, 0, 0, 0, 49, 84, 419
"c:\Users\dkreh\Desktop\KDT_RE_5th\5_Arduino\libraries\Adafruit_SSD1306\examples\ssd1306_128x32_spi\ssd1306_128x32_spi.ino", "C++", 0, 0, 0, 0, 0, 0, 0, 0, 0, 289, 0, 0, 0, 0, 0, 0, 0, 0, 51, 84, 424
"c:\Users\dkreh\Desktop\KDT_RE_5th\5_Arduino\libraries\Adafruit_SSD1306\examples\ssd1306_128x64_i2c\ssd1306_128x64_i2c.ino", "C++", 0, 0, 0, 0, 0, 0, 0, 0, 0, 286, 0, 0, 0, 0, 0, 0, 0, 0, 49, 84, 419
"c:\Users\dkreh\Desktop\KDT_RE_5th\5_Arduino\libraries\Adafruit_SSD1306\examples\ssd1306_128x64_spi\ssd1306_128x64_spi.ino", "C++", 0, 0, 0, 0, 0, 0, 0, 0, 0, 289, 0, 0, 0, 0, 0, 0, 0, 0, 51, 85, 425
"c:\Users\dkreh\Desktop\KDT_RE_5th\5_Arduino\libraries\Adafruit_SSD1306\examples\ssd1306_64x32_i2c\ssd1306_64x32_i2c.ino", "C++", 0, 0, 0, 0, 0, 0, 0, 0, 0, 286, 0, 0, 0, 0, 0, 0, 0, 0, 49, 84, 419
"c:\Users\dkreh\Desktop\KDT_RE_5th\5_Arduino\libraries\Adafruit_SSD1306\library.properties", "Properties", 0, 0, 0, 0, 0, 0, 0, 0, 0, 0, 10, 0, 0, 0, 0, 0, 0, 0, 0, 1, 11
"c:\Users\dkreh\Desktop\KDT_RE_5th\5_Arduino\libraries\Adafruit_SSD1306\scripts\Makefile", "Makefile", 0, 0, 0, 0, 0, 0, 0, 0, 0, 0, 0, 0, 23, 0, 0, 0, 0, 0, 2, 9, 34
"c:\Users\dkreh\Desktop\KDT_RE_5th\5_Arduino\libraries\Adafruit_SSD1306\scripts\make_splash.py", "Python", 0, 0, 0, 31, 0, 0, 0, 0, 0, 0, 0, 0, 0, 0, 0, 0, 0, 0, 2, 6, 39
"c:\Users\dkreh\Desktop\KDT_RE_5th\5_Arduino\libraries\Adafruit_SSD1306\splash.h", "C++", 0, 0, 0, 0, 0, 0, 0, 0, 0, 106, 0, 0, 0, 0, 0, 0, 0, 0, 9, 6, 121
"c:\Users\dkreh\Desktop\KDT_RE_5th\5_Arduino\libraries\Adafruit_Unified_Sensor\Adafruit_Sensor.cpp", "C++", 0, 0, 0, 0, 0, 0, 0, 0, 0, 113, 0, 0, 0, 0, 0, 0, 0, 0, 5, 3, 121
"c:\Users\dkreh\Desktop\KDT_RE_5th\5_Arduino\libraries\Adafruit_Unified_Sensor\Adafruit_Sensor.h", "C++", 0, 0, 0, 0, 0, 0, 0, 0, 0, 146, 0, 0, 0, 0, 0, 0, 0, 0, 63, 16, 225
"c:\Users\dkreh\Desktop\KDT_RE_5th\5_Arduino\libraries\Adafruit_Unified_Sensor\README.md", "Markdown", 0, 0, 223, 0, 0, 0, 0, 0, 0, 0, 0, 0, 0, 0, 0, 0, 0, 0, 0, 49, 272
"c:\Users\dkreh\Desktop\KDT_RE_5th\5_Arduino\libraries\Adafruit_Unified_Sensor\examples\sensortest\sensortest.ino", "C++", 0, 0, 0, 0, 0, 0, 0, 0, 0, 126, 0, 0, 0, 0, 0, 0, 0, 0, 14, 14, 154
"c:\Users\dkreh\Desktop\KDT_RE_5th\5_Arduino\libraries\Adafruit_Unified_Sensor\library.properties", "Properties", 0, 0, 0, 0, 0, 0, 0, 0, 0, 0, 10, 0, 0, 0, 0, 0, 0, 0, 0, 2, 12
"c:\Users\dkreh\Desktop\KDT_RE_5th\5_Arduino\libraries\DHT_sensor_library\CONTRIBUTING.md", "Markdown", 0, 0, 7, 0, 0, 0, 0, 0, 0, 0, 0, 0, 0, 0, 0, 0, 0, 0, 0, 7, 14
"c:\Users\dkreh\Desktop\KDT_RE_5th\5_Arduino\libraries\DHT_sensor_library\DHT.cpp", "C++", 0, 0, 0, 0, 0, 0, 0, 0, 0, 214, 0, 0, 0, 0, 0, 0, 0, 0, 146, 35, 395
"c:\Users\dkreh\Desktop\KDT_RE_5th\5_Arduino\libraries\DHT_sensor_library\DHT.h", "C++", 0, 0, 0, 0, 0, 0, 0, 0, 0, 63, 0, 0, 0, 0, 0, 0, 0, 0, 34, 13, 110
"c:\Users\dkreh\Desktop\KDT_RE_5th\5_Arduino\libraries\DHT_sensor_library\DHT_U.cpp", "C++", 0, 0, 0, 0, 0, 0, 0, 0, 0, 141, 0, 0, 0, 0, 0, 0, 0, 0, 90, 13, 244
"c:\Users\dkreh\Desktop\KDT_RE_5th\5_Arduino\libraries\DHT_sensor_library\DHT_U.h", "C++", 0, 0, 0, 0, 0, 0, 0, 0, 0, 43, 0, 0, 0, 0, 0, 0, 0, 0, 49, 14, 106
"c:\Users\dkreh\Desktop\KDT_RE_5th\5_Arduino\libraries\DHT_sensor_library\README.md", "Markdown", 0, 0, 42, 0, 0, 0, 0, 0, 0, 0, 0, 0, 0, 0, 0, 0, 0, 0, 0, 17, 59
"c:\Users\dkreh\Desktop\KDT_RE_5th\5_Arduino\libraries\DHT_sensor_library\code-of-conduct.md", "Markdown", 0, 0, 99, 0, 0, 0, 0, 0, 0, 0, 0, 0, 0, 0, 0, 0, 0, 0, 0, 29, 128
"c:\Users\dkreh\Desktop\KDT_RE_5th\5_Arduino\libraries\DHT_sensor_library\examples\DHT_Unified_Sensor\DHT_Unified_Sensor.ino", "C++", 0, 0, 0, 0, 0, 0, 0, 0, 0, 55, 0, 0, 0, 0, 0, 0, 0, 0, 21, 10, 86
"c:\Users\dkreh\Desktop\KDT_RE_5th\5_Arduino\libraries\DHT_sensor_library\examples\DHTtester\DHTtester.ino", "C++", 0, 0, 0, 0, 0, 0, 0, 0, 0, 32, 0, 0, 0, 0, 0, 0, 0, 0, 29, 14, 75
"c:\Users\dkreh\Desktop\KDT_RE_5th\5_Arduino\libraries\DHT_sensor_library\library.properties", "Properties", 0, 0, 0, 0, 0, 0, 0, 0, 0, 0, 10, 0, 0, 0, 0, 0, 0, 0, 0, 1, 11
"c:\Users\dkreh\Desktop\KDT_RE_5th\5_Arduino\libraries\LiquidCrystal_I2C\LiquidCrystal_I2C.cpp", "C++", 0, 0, 0, 0, 0, 0, 0, 0, 0, 208, 0, 0, 0, 0, 0, 0, 0, 0, 56, 69, 333
"c:\Users\dkreh\Desktop\KDT_RE_5th\5_Arduino\libraries\LiquidCrystal_I2C\LiquidCrystal_I2C.h", "C++", 0, 0, 0, 0, 0, 0, 0, 0, 0, 106, 0, 0, 0, 0, 0, 0, 0, 0, 10, 16, 132
"c:\Users\dkreh\Desktop\KDT_RE_5th\5_Arduino\libraries\LiquidCrystal_I2C\README.md", "Markdown", 0, 0, 3, 0, 0, 0, 0, 0, 0, 0, 0, 0, 0, 0, 0, 0, 0, 0, 0, 3, 6
"c:\Users\dkreh\Desktop\KDT_RE_5th\5_Arduino\libraries\LiquidCrystal_I2C\examples\CustomChars\CustomChars.ino", "C++", 0, 0, 0, 0, 0, 0, 0, 0, 0, 54, 0, 0, 0, 0, 0, 0, 0, 0, 4, 13, 71
"c:\Users\dkreh\Desktop\KDT_RE_5th\5_Arduino\libraries\LiquidCrystal_I2C\examples\HelloWorld\HelloWorld.ino", "C++", 0, 0, 0, 0, 0, 0, 0, 0, 0, 18, 0, 0, 0, 0, 0, 0, 0, 0, 4, 5, 27
"c:\Users\dkreh\Desktop\KDT_RE_5th\5_Arduino\libraries\LiquidCrystal_I2C\examples\SerialDisplay\SerialDisplay.ino", "C++", 0, 0, 0, 0, 0, 0, 0, 0, 0, 19, 0, 0, 0, 0, 0, 0, 0, 0, 12, 4, 35
"c:\Users\dkreh\Desktop\KDT_RE_5th\5_Arduino\libraries\LiquidCrystal_I2C\library.json", "JSON", 17, 0, 0, 0, 0, 0, 0, 0, 0, 0, 0, 0, 0, 0, 0, 0, 0, 0, 0, 1, 18
"c:\Users\dkreh\Desktop\KDT_RE_5th\5_Arduino\libraries\LiquidCrystal_I2C\library.properties", "Properties", 0, 0, 0, 0, 0, 0, 0, 0, 0, 0, 9, 0, 0, 0, 0, 0, 0, 0, 0, 1, 10
"c:\Users\dkreh\Desktop\KDT_RE_5th\5_Arduino\libraries\MFRC522\README.rst", "reStructuredText", 0, 0, 0, 0, 0, 0, 0, 0, 0, 0, 0, 238, 0, 0, 0, 0, 0, 0, 34, 121, 393
"c:\Users\dkreh\Desktop\KDT_RE_5th\5_Arduino\libraries\MFRC522\doc\PICCMemoryLayout.md", "Markdown", 0, 0, 48, 0, 0, 0, 0, 0, 0, 0, 0, 0, 0, 0, 0, 0, 0, 0, 0, 19, 67
"c:\Users\dkreh\Desktop\KDT_RE_5th\5_Arduino\libraries\MFRC522\examples\ChangeUID\ChangeUID.ino", "C++", 0, 0, 0, 0, 0, 0, 0, 0, 0, 36, 0, 0, 0, 0, 0, 0, 0, 0, 54, 16, 106
"c:\Users\dkreh\Desktop\KDT_RE_5th\5_Arduino\libraries\MFRC522\examples\DumpInfo\DumpInfo.ino", "C++", 0, 0, 0, 0, 0, 0, 0, 0, 0, 23, 0, 0, 0, 0, 0, 0, 0, 0, 39, 8, 70
"c:\Users\dkreh\Desktop\KDT_RE_5th\5_Arduino\libraries\MFRC522\examples\FixBrickedUID\FixBrickedUID.ino", "C++", 0, 0, 0, 0, 0, 0, 0, 0, 0, 18, 0, 0, 0, 0, 0, 0, 0, 0, 25, 6, 49
"c:\Users\dkreh\Desktop\KDT_RE_5th\5_Arduino\libraries\MFRC522\examples\MifareClassicValueBlock\MifareClassicValueBlock.ino", "C++", 0, 0, 0, 0, 0, 0, 0, 0, 0, 188, 0, 0, 0, 0, 0, 0, 0, 0, 104, 30, 322
"c:\Users\dkreh\Desktop\KDT_RE_5th\5_Arduino\libraries\MFRC522\examples\MinimalInterrupt\MinimalInterrupt.ino", "C++", 0, 0, 0, 0, 0, 0, 0, 0, 0, 60, 0, 0, 0, 0, 0, 0, 0, 0, 57, 21, 138
"c:\Users\dkreh\Desktop\KDT_RE_5th\5_Arduino\libraries\MFRC522\examples\Ntag216_AUTH\Ntag216_AUTH.ino", "C++", 0, 0, 0, 0, 0, 0, 0, 0, 0, 30, 0, 0, 0, 0, 0, 0, 0, 0, 19, 14, 63
"c:\Users\dkreh\Desktop\KDT_RE_5th\5_Arduino\libraries\MFRC522\examples\RFID-Cloner\RFID-Cloner.ino", "C++", 0, 0, 0, 0, 0, 0, 0, 0, 0, 194, 0, 0, 0, 0, 0, 0, 0, 0, 66, 55, 315
"c:\Users\dkreh\Desktop\KDT_RE_5th\5_Arduino\libraries\MFRC522\examples\ReadAndWrite\ReadAndWrite.ino", "C++", 0, 0, 0, 0, 0, 0, 0, 0, 0, 120, 0, 0, 0, 0, 0, 0, 0, 0, 59, 24, 203
"c:\Users\dkreh\Desktop\KDT_RE_5th\5_Arduino\libraries\MFRC522\examples\ReadNUID\ReadNUID.ino", "C++", 0, 0, 0, 0, 0, 0, 0, 0, 0, 58, 0, 0, 0, 0, 0, 0, 0, 0, 44, 20, 122
"c:\Users\dkreh\Desktop\KDT_RE_5th\5_Arduino\libraries\MFRC522\examples\ReadUidMultiReader\ReadUidMultiReader.ino", "C++", 0, 0, 0, 0, 0, 0, 0, 0, 0, 42, 0, 0, 0, 0, 0, 0, 0, 0, 43, 15, 100
"c:\Users\dkreh\Desktop\KDT_RE_5th\5_Arduino\libraries\MFRC522\examples\firmware_check\firmware_check.ino", "C++", 0, 0, 0, 0, 0, 0, 0, 0, 0, 28, 0, 0, 0, 0, 0, 0, 0, 0, 29, 7, 64
"c:\Users\dkreh\Desktop\KDT_RE_5th\5_Arduino\libraries\MFRC522\examples\rfid_default_keys\rfid_default_keys.ino", "C++", 0, 0, 0, 0, 0, 0, 0, 0, 0, 82, 0, 0, 0, 0, 0, 0, 0, 0, 63, 16, 161
"c:\Users\dkreh\Desktop\KDT_RE_5th\5_Arduino\libraries\MFRC522\examples\rfid_read_personal_data\rfid_read_personal_data.ino", "C++", 0, 0, 0, 0, 0, 0, 0, 0, 0, 71, 0, 0, 0, 0, 0, 0, 0, 0, 38, 32, 141
"c:\Users\dkreh\Desktop\KDT_RE_5th\5_Arduino\libraries\MFRC522\examples\rfid_write_personal_data\rfid_write_personal_data.ino", "C++", 0, 0, 0, 0, 0, 0, 0, 0, 0, 100, 0, 0, 0, 0, 0, 0, 0, 0, 35, 24, 159
"c:\Users\dkreh\Desktop\KDT_RE_5th\5_Arduino\libraries\MFRC522\library.json", "JSON", 15, 0, 0, 0, 0, 0, 0, 0, 0, 0, 0, 0, 0, 0, 0, 0, 0, 0, 0, 1, 16
"c:\Users\dkreh\Desktop\KDT_RE_5th\5_Arduino\libraries\MFRC522\library.properties", "Properties", 0, 0, 0, 0, 0, 0, 0, 0, 0, 0, 9, 0, 0, 0, 0, 0, 0, 0, 0, 1, 10
"c:\Users\dkreh\Desktop\KDT_RE_5th\5_Arduino\libraries\MFRC522\src\MFRC522.cpp", "C++", 0, 0, 0, 0, 0, 0, 0, 0, 0, 1173, 0, 0, 0, 0, 0, 0, 0, 0, 581, 197, 1951
"c:\Users\dkreh\Desktop\KDT_RE_5th\5_Arduino\libraries\MFRC522\src\MFRC522.h", "C++", 0, 0, 0, 0, 0, 0, 0, 0, 0, 250, 0, 0, 0, 0, 0, 0, 0, 0, 92, 30, 372
"c:\Users\dkreh\Desktop\KDT_RE_5th\5_Arduino\libraries\MFRC522\src\MFRC522Extended.cpp", "C++", 0, 0, 0, 0, 0, 0, 0, 0, 0, 682, 0, 0, 0, 0, 0, 0, 0, 0, 325, 154, 1161
"c:\Users\dkreh\Desktop\KDT_RE_5th\5_Arduino\libraries\MFRC522\src\MFRC522Extended.h", "C++", 0, 0, 0, 0, 0, 0, 0, 0, 0, 73, 0, 0, 0, 0, 0, 0, 0, 0, 28, 20, 121
"c:\Users\dkreh\Desktop\KDT_RE_5th\5_Arduino\libraries\MFRC522\src\deprecated.h", "C++", 0, 0, 0, 0, 0, 0, 0, 0, 0, 12, 0, 0, 0, 0, 0, 0, 0, 0, 6, 3, 21
"c:\Users\dkreh\Desktop\KDT_RE_5th\5_Arduino\libraries\MFRC522\src\require_cpp11.h", "C++", 0, 0, 0, 0, 0, 0, 0, 0, 0, 6, 0, 0, 0, 0, 0, 0, 0, 0, 4, 3, 13
"c:\Users\dkreh\Desktop\KDT_RE_5th\6_OpenCV\01_image.py", "Python", 0, 0, 0, 29, 0, 0, 0, 0, 0, 0, 0, 0, 0, 0, 0, 0, 0, 0, 9, 9, 47
"c:\Users\dkreh\Desktop\KDT_RE_5th\6_OpenCV\02_Video.py", "Python", 0, 0, 0, 21, 0, 0, 0, 0, 0, 0, 0, 0, 0, 0, 0, 0, 0, 0, 2, 11, 34
"c:\Users\dkreh\Desktop\KDT_RE_5th\6_OpenCV\03_Webcam.py", "Python", 0, 0, 0, 23, 0, 0, 0, 0, 0, 0, 0, 0, 0, 0, 0, 0, 0, 0, 4, 10, 37
"c:\Users\dkreh\Desktop\KDT_RE_5th\6_OpenCV\04_Video_writer.py", "Python", 0, 0, 0, 19, 0, 0, 0, 0, 0, 0, 0, 0, 0, 0, 0, 0, 0, 0, 7, 8, 34
"c:\Users\dkreh\Desktop\KDT_RE_5th\6_OpenCV\05_Pixel.py", "Python", 0, 0, 0, 26, 0, 0, 0, 0, 0, 0, 0, 0, 0, 0, 0, 0, 0, 0, 8, 11, 45
"c:\Users\dkreh\Desktop\KDT_RE_5th\6_OpenCV\06_Image_resize.py", "Python", 0, 0, 0, 21, 0, 0, 0, 0, 0, 0, 0, 0, 0, 0, 0, 0, 0, 0, 2, 11, 34
"c:\Users\dkreh\Desktop\KDT_RE_5th\6_OpenCV\07_imgpyramid.py", "Python", 0, 0, 0, 8, 0, 0, 0, 0, 0, 0, 0, 0, 0, 0, 0, 0, 0, 0, 2, 5, 15
"c:\Users\dkreh\Desktop\KDT_RE_5th\6_OpenCV\08_img_crop.py", "Python", 0, 0, 0, 7, 0, 0, 0, 0, 0, 0, 0, 0, 0, 0, 0, 0, 0, 0, 1, 4, 12
"c:\Users\dkreh\Desktop\KDT_RE_5th\6_OpenCV\09_img_flip.py", "Python", 0, 0, 0, 17, 0, 0, 0, 0, 0, 0, 0, 0, 0, 0, 0, 0, 0, 0, 2, 12, 31
"c:\Users\dkreh\Desktop\KDT_RE_5th\7_EDA\exercise1_distribution.csv", "CSV", 0, 337, 0, 0, 0, 0, 0, 0, 0, 0, 0, 0, 0, 0, 0, 0, 0, 0, 0, 1, 338
"c:\Users\dkreh\Desktop\KDT_RE_5th\7_EDA\exercise2_shuffle.csv", "CSV", 0, 337, 0, 0, 0, 0, 0, 0, 0, 0, 0, 0, 0, 0, 0, 0, 0, 0, 0, 1, 338
"c:\Users\dkreh\Desktop\KDT_RE_5th\7_EDA\practice_1.ipynb", "JSON", 299, 0, 0, 0, 0, 0, 0, 0, 0, 0, 0, 0, 0, 0, 0, 0, 0, 0, 0, 1, 300
"c:\Users\dkreh\Desktop\KDT_RE_5th\8_AI\models\01_LinearRegression.ipynb", "JSON", 370, 0, 0, 0, 0, 0, 0, 0, 0, 0, 0, 0, 0, 0, 0, 0, 0, 0, 0, 1, 371
"c:\Users\dkreh\Desktop\KDT_RE_5th\8_AI\models\02_Classification.ipynb", "JSON", 782, 0, 0, 0, 0, 0, 0, 0, 0, 0, 0, 0, 0, 0, 0, 0, 0, 0, 0, 1, 783
"c:\Users\dkreh\Desktop\KDT_RE_5th\8_AI\notes\01_tensor.ipynb", "JSON", 701, 0, 0, 0, 0, 0, 0, 0, 0, 0, 0, 0, 0, 0, 0, 0, 0, 0, 0, 1, 702
"c:\Users\dkreh\Desktop\KDT_RE_5th\8_AI\notes\02_opperation.ipynb", "JSON", 326, 0, 0, 0, 0, 0, 0, 0, 0, 0, 0, 0, 0, 0, 0, 0, 0, 0, 0, 1, 327
"c:\Users\dkreh\Desktop\KDT_RE_5th\8_AI\notes\03manipulation.ipynb", "JSON", 466, 0, 0, 0, 0, 0, 0, 0, 0, 0, 0, 0, 0, 0, 0, 0, 0, 0, 0, 1, 467
"c:\Users\dkreh\Desktop\KDT_RE_5th\8_AI\notes\04_Autograd.ipynb", "JSON", 178, 0, 0, 0, 0, 0, 0, 0, 0, 0, 0, 0, 0, 0, 0, 0, 0, 0, 0, 1, 179
"c:\Users\dkreh\Desktop\KDT_RE_5th\8_AI\quiz1.ipynb", "JSON", 255, 0, 0, 0, 0, 0, 0, 0, 0, 0, 0, 0, 0, 0, 0, 0, 0, 0, 0, 1, 256
"c:\Users\dkreh\Desktop\KDT_RE_5th\8_AI\quiz2.ipynb", "JSON", 223, 0, 0, 0, 0, 0, 0, 0, 0, 0, 0, 0, 0, 0, 0, 0, 0, 0, 0, 1, 224
"c:\Users\dkreh\Desktop\KDT_RE_5th\8_AI\quiz3.ipynb", "JSON", 253, 0, 0, 0, 0, 0, 0, 0, 0, 0, 0, 0, 0, 0, 0, 0, 0, 0, 0, 1, 254
"c:\Users\dkreh\Desktop\KDT_RE_5th\8_AI\quiz4.ipynb", "JSON", 394, 0, 0, 0, 0, 0, 0, 0, 0, 0, 0, 0, 0, 0, 0, 0, 0, 0, 0, 1, 395
"c:\Users\dkreh\Desktop\KDT_RE_5th\9_Machine_Learning_project\README.md", "Markdown", 0, 0, 114, 0, 0, 0, 0, 0, 0, 0, 0, 0, 0, 0, 0, 0, 0, 0, 0, 58, 172
"c:\Users\dkreh\Desktop\KDT_RE_5th\9_Machine_Learning_project\ai\train\generate_data.py", "Python", 0, 0, 0, 72, 0, 0, 0, 0, 0, 0, 0, 0, 0, 0, 0, 0, 0, 0, 98, 38, 208
"c:\Users\dkreh\Desktop\KDT_RE_5th\9_Machine_Learning_project\ai\train\test_xgboost.py", "Python", 0, 0, 0, 168, 0, 0, 0, 0, 0, 0, 0, 0, 0, 0, 0, 0, 0, 0, 23, 64, 255
"c:\Users\dkreh\Desktop\KDT_RE_5th\9_Machine_Learning_project\ai\train\train_gru.py", "Python", 0, 0, 0, 302, 0, 0, 0, 0, 0, 0, 0, 0, 0, 0, 0, 0, 0, 0, 52, 94, 448
"c:\Users\dkreh\Desktop\KDT_RE_5th\9_Machine_Learning_project\ai\train\train_water.py", "Python", 0, 0, 0, 133, 0, 0, 0, 0, 0, 0, 0, 0, 0, 0, 0, 0, 0, 0, 22, 38, 193
"c:\Users\dkreh\Desktop\KDT_RE_5th\9_Machine_Learning_project\ai\train\train_xgboost.py", "Python", 0, 0, 0, 425, 0, 0, 0, 0, 0, 0, 0, 0, 0, 0, 0, 0, 0, 0, 67, 104, 596
"c:\Users\dkreh\Desktop\KDT_RE_5th\9_Machine_Learning_project\arduino\1_A_board_Master\1_A_board_Master.ino", "C++", 0, 0, 0, 0, 0, 0, 0, 0, 0, 246, 0, 0, 0, 0, 0, 0, 0, 0, 38, 76, 360
"c:\Users\dkreh\Desktop\KDT_RE_5th\9_Machine_Learning_project\backend\app.py", "Python", 0, 0, 0, 542, 0, 0, 0, 0, 0, 0, 0, 0, 0, 0, 0, 0, 0, 0, 70, 158, 770
"c:\Users\dkreh\Desktop\KDT_RE_5th\9_Machine_Learning_project\backend\app_gru.py", "Python", 0, 0, 0, 312, 0, 0, 0, 0, 0, 0, 0, 0, 0, 0, 0, 0, 0, 0, 30, 75, 417
"c:\Users\dkreh\Desktop\KDT_RE_5th\9_Machine_Learning_project\backend\data\fix_sensor_log.py", "Python", 0, 0, 0, 95, 0, 0, 0, 0, 0, 0, 0, 0, 0, 0, 0, 0, 0, 0, 7, 13, 115
"c:\Users\dkreh\Desktop\KDT_RE_5th\9_Machine_Learning_project\backend\data\package-lock.json", "JSON", 291, 0, 0, 0, 0, 0, 0, 0, 0, 0, 0, 0, 0, 0, 0, 0, 0, 0, 0, 1, 292
"c:\Users\dkreh\Desktop\KDT_RE_5th\9_Machine_Learning_project\backend\data\package.json", "JSON", 5, 0, 0, 0, 0, 0, 0, 0, 0, 0, 0, 0, 0, 0, 0, 0, 0, 0, 0, 1, 6
"c:\Users\dkreh\Desktop\KDT_RE_5th\9_Machine_Learning_project\backend\data\sensor_log.csv", "CSV", 0, 74353, 0, 0, 0, 0, 0, 0, 0, 0, 0, 0, 0, 0, 0, 0, 0, 0, 0, 1, 74354
"c:\Users\dkreh\Desktop\KDT_RE_5th\9_Machine_Learning_project\backend\data\sensor_log.json", "JSON", 6302, 0, 0, 0, 0, 0, 0, 0, 0, 0, 0, 0, 0, 0, 0, 0, 0, 0, 0, 0, 6302
"c:\Users\dkreh\Desktop\KDT_RE_5th\9_Machine_Learning_project\backend\data\sensor_log_backup_before.csv", "CSV", 0, 9248, 0, 0, 0, 0, 0, 0, 0, 0, 0, 0, 0, 0, 0, 0, 0, 0, 0, 1, 9249
"c:\Users\dkreh\Desktop\KDT_RE_5th\9_Machine_Learning_project\backend\data\sensor_log_old_mixed.csv", "CSV", 0, 9248, 0, 0, 0, 0, 0, 0, 0, 0, 0, 0, 0, 0, 0, 0, 0, 0, 0, 1, 9249
"c:\Users\dkreh\Desktop\KDT_RE_5th\9_Machine_Learning_project\backend\requirements.txt", "pip requirements", 0, 0, 0, 0, 0, 0, 0, 0, 0, 0, 0, 0, 0, 0, 0, 0, 21, 0, 0, 1, 22
"c:\Users\dkreh\Desktop\KDT_RE_5th\9_Machine_Learning_project\backend\results\gru_prediction_result.csv", "CSV", 0, 376, 0, 0, 0, 0, 0, 0, 0, 0, 0, 0, 0, 0, 0, 0, 0, 0, 0, 1, 377
"c:\Users\dkreh\Desktop\KDT_RE_5th\9_Machine_Learning_project\backend\results\xgboost_eval_table.csv", "CSV", 0, 2464, 0, 0, 0, 0, 0, 0, 0, 0, 0, 0, 0, 0, 0, 0, 0, 0, 0, 1, 2465
"c:\Users\dkreh\Desktop\KDT_RE_5th\9_Machine_Learning_project\backend\results\xgboost_experiment_summary.csv", "CSV", 0, 21, 0, 0, 0, 0, 0, 0, 0, 0, 0, 0, 0, 0, 0, 0, 0, 0, 0, 1, 22
"c:\Users\dkreh\Desktop\KDT_RE_5th\9_Machine_Learning_project\backend\results\xgboost_feature_importance.csv", "CSV", 0, 39, 0, 0, 0, 0, 0, 0, 0, 0, 0, 0, 0, 0, 0, 0, 0, 0, 0, 1, 40
"c:\Users\dkreh\Desktop\KDT_RE_5th\9_Machine_Learning_project\backend\results\xgboost_hourly_mae.csv", "CSV", 0, 25, 0, 0, 0, 0, 0, 0, 0, 0, 0, 0, 0, 0, 0, 0, 0, 0, 0, 1, 26
"c:\Users\dkreh\Desktop\KDT_RE_5th\9_Machine_Learning_project\backend\results\xgboost_metrics_summary.csv", "CSV", 0, 4, 0, 0, 0, 0, 0, 0, 0, 0, 0, 0, 0, 0, 0, 0, 0, 0, 0, 1, 5
"c:\Users\dkreh\Desktop\KDT_RE_5th\9_Machine_Learning_project\backend\results\xgboost_prediction_result.csv", "CSV", 0, 323, 0, 0, 0, 0, 0, 0, 0, 0, 0, 0, 0, 0, 0, 0, 0, 0, 0, 1, 324
"c:\Users\dkreh\Desktop\KDT_RE_5th\9_Machine_Learning_project\backend\serial_bridge.py", "Python", 0, 0, 0, 23, 0, 0, 0, 0, 0, 0, 0, 0, 0, 0, 0, 0, 0, 0, 2, 6, 31
"c:\Users\dkreh\Desktop\KDT_RE_5th\9_Machine_Learning_project\backend\static\index.html", "HTML", 0, 0, 0, 0, 0, 0, 0, 12, 0, 0, 0, 0, 0, 0, 0, 0, 0, 0, 0, 0, 12
"c:\Users\dkreh\Desktop\KDT_RE_5th\9_Machine_Learning_project\frontend\README.md", "Markdown", 0, 0, 38, 0, 0, 0, 0, 0, 0, 0, 0, 0, 0, 0, 0, 0, 0, 0, 0, 33, 71
"c:\Users\dkreh\Desktop\KDT_RE_5th\9_Machine_Learning_project\frontend\package-lock.json", "JSON", 17333, 0, 0, 0, 0, 0, 0, 0, 0, 0, 0, 0, 0, 0, 0, 0, 0, 0, 0, 1, 17334
"c:\Users\dkreh\Desktop\KDT_RE_5th\9_Machine_Learning_project\frontend\package.json", "JSON", 42, 0, 0, 0, 0, 0, 0, 0, 0, 0, 0, 0, 0, 0, 0, 0, 0, 0, 0, 1, 43
"c:\Users\dkreh\Desktop\KDT_RE_5th\9_Machine_Learning_project\frontend\public\index.html", "HTML", 0, 0, 0, 0, 0, 0, 0, 20, 0, 0, 0, 0, 0, 0, 0, 0, 0, 0, 23, 1, 44
"c:\Users\dkreh\Desktop\KDT_RE_5th\9_Machine_Learning_project\frontend\public\manifest.json", "JSON", 25, 0, 0, 0, 0, 0, 0, 0, 0, 0, 0, 0, 0, 0, 0, 0, 0, 0, 0, 1, 26
"c:\Users\dkreh\Desktop\KDT_RE_5th\9_Machine_Learning_project\frontend\src\App.css", "PostCSS", 0, 0, 0, 0, 33, 0, 0, 0, 0, 0, 0, 0, 0, 0, 0, 0, 0, 0, 0, 6, 39
"c:\Users\dkreh\Desktop\KDT_RE_5th\9_Machine_Learning_project\frontend\src\App.js", "JavaScript", 0, 0, 0, 0, 0, 0, 744, 0, 0, 0, 0, 0, 0, 0, 0, 0, 0, 0, 0, 119, 863
"c:\Users\dkreh\Desktop\KDT_RE_5th\9_Machine_Learning_project\frontend\src\App.test.js", "JavaScript", 0, 0, 0, 0, 0, 0, 7, 0, 0, 0, 0, 0, 0, 0, 0, 0, 0, 0, 0, 2, 9
"c:\Users\dkreh\Desktop\KDT_RE_5th\9_Machine_Learning_project\frontend\src\components\DashboardCard.js", "JavaScript", 0, 0, 0, 0, 0, 0, 19, 0, 0, 0, 0, 0, 0, 0, 0, 0, 0, 0, 0, 3, 22
"c:\Users\dkreh\Desktop\KDT_RE_5th\9_Machine_Learning_project\frontend\src\components\EnergyChart.js", "JavaScript", 0, 0, 0, 0, 0, 0, 0, 0, 0, 0, 0, 0, 0, 0, 0, 0, 0, 0, 0, 1, 1
"c:\Users\dkreh\Desktop\KDT_RE_5th\9_Machine_Learning_project\frontend\src\components\Header.js", "JavaScript", 0, 0, 0, 0, 0, 0, 0, 0, 0, 0, 0, 0, 0, 0, 0, 0, 0, 0, 0, 1, 1
"c:\Users\dkreh\Desktop\KDT_RE_5th\9_Machine_Learning_project\frontend\src\index.css", "PostCSS", 0, 0, 0, 0, 12, 0, 0, 0, 0, 0, 0, 0, 0, 0, 0, 0, 0, 0, 0, 2, 14
"c:\Users\dkreh\Desktop\KDT_RE_5th\9_Machine_Learning_project\frontend\src\index.js", "JavaScript", 0, 0, 0, 0, 0, 0, 12, 0, 0, 0, 0, 0, 0, 0, 0, 0, 0, 0, 3, 3, 18
"c:\Users\dkreh\Desktop\KDT_RE_5th\9_Machine_Learning_project\frontend\src\logo.svg", "XML", 0, 0, 0, 0, 0, 0, 0, 0, 1, 0, 0, 0, 0, 0, 0, 0, 0, 0, 0, 0, 1
"c:\Users\dkreh\Desktop\KDT_RE_5th\9_Machine_Learning_project\frontend\src\reportWebVitals.js", "JavaScript", 0, 0, 0, 0, 0, 0, 12, 0, 0, 0, 0, 0, 0, 0, 0, 0, 0, 0, 0, 2, 14
"c:\Users\dkreh\Desktop\KDT_RE_5th\9_Machine_Learning_project\frontend\src\services\api.js", "JavaScript", 0, 0, 0, 0, 0, 0, 26, 0, 0, 0, 0, 0, 0, 0, 0, 0, 0, 0, 0, 7, 33
"c:\Users\dkreh\Desktop\KDT_RE_5th\9_Machine_Learning_project\frontend\src\setupTests.js", "JavaScript", 0, 0, 0, 0, 0, 0, 1, 0, 0, 0, 0, 0, 0, 0, 0, 0, 0, 0, 4, 1, 6
"c:\Users\dkreh\Desktop\KDT_RE_5th\9_Machine_Learning_project\frontend\src\styles\Dashboard.css", "PostCSS", 0, 0, 0, 0, 685, 0, 0, 0, 0, 0, 0, 0, 0, 0, 0, 0, 0, 0, 38, 114, 837
"Total", "-", 166339, 115942, 2026, 5399, 1891, 908, 1888, 3487, 2, 40700, 97, 238, 35, 24, 696, 22, 21, 550, 12163, 11070, 363498